Label (Grouping),101,102,201,202,301,302,303,304,400,501,502,600,700,800,900,1000,1100,1200,1300,1400,1500,1600,1700,1800,1900,2000,2100,2200,2300,2400,2500,2600,2700,2800,2900,3000,3100,3200,3300,3400,3500,3600,3700,3800,3900,4000,4100,4200,4300,4400,4500,4600,4700,4800,4900,5000,5100,5200,5300,5400,5500,5600,5700,5800,5900,6000,6100,6200,6300,6400,6500,6600,6700,6800,6900,7000,7100,7200,7300,7400,7500,7600,7700,7800,7900,8000,8100,8400,8500,8600,8700,8800,8900,9000,9100,9200,9300,9400,9500,9600,9700,9800,9900,10600,10700,10800,11000,11100,11200,11300,11400,12200,12300,12400,12500,12600,12700,12800,12900,13000,13300,13400,13500,13600,13700,14100,14300,14400,14600,14700,14800,14900,15700,15800,15900,16000,16100,16200,16300,16400,16500,16600,16700,16800,16900,17000,17100,17200,17300,17400,17500,17600,17900,18000,18100,18200,18300,18400,18500,18600,18700,18800,18900,19000,19100,19200,19300,19400,19500,19600,19700,19800,19900,20000,20100,20200,20300,20400,20500,20600,20700,20800,20900,21000,21100,21200,21300,21400,21500,21600,21700,21800,30100,35100,35200,40100,50101,50103,50104,60101,60102,60200,70100,70200,70300,80100,80200,80300,80400,90100,90200,90300,90600,90700,90800,90900,91000,91100,91200,91300,91400,100100,100200,100300,100400,100500,100600,100700,100800,100900,101000,101100,101200,101300,101400,101500,101600,101700,101800,110100,120101,120102,120201,120202,120203,120300,120400,120501,120502,130100,130200,140100,140201,140202,150100,150301,150303,150304,160101,160102,160202,160203,160205,160206,160301,160302,170100,170200,170300,170400,170500,170600,170700,180100,180200,180300,180400,180500,185100,185200,185300,185400,185500,185600,185700,185800,185900,186000,186100,186200,186300,186400,186500,186600,186800,186900,187000,187200,187300,187400,980000,990000
Population 1 year and over,4695,3515,5534,6007,1256,2875,1604,3721,2731,4081,4754,5723,3754,4401,4347,3626,2549,3109,3887,2763,3301,2559,4345,2508,3073,2638,1998,2146,4289,2551,2199,1894,2025,2085,2338,3831,3743,2845,4775,5278,3391,1455,2166,2433,2238,2450,2996,2733,4326,2078,1641,2867,3850,3227,3434,4631,3042,1441,1693,2876,3179,2090,2132,3556,3477,2774,2213,2207,1276,1786,2226,1800,1021,2033,1997,2263,2076,2777,1739,3628,2459,3291,3790,3136,2187,1639,1202,614,1365,809,700,1365,1257,1719,1772,1574,2491,2515,1976,1621,1101,1291,1004,927,2278,2509,3199,1443,2463,2585,1453,2106,892,2544,1873,2125,1171,3212,2856,1720,836,2428,1502,1929,1331,1782,2566,3408,2962,2775,2269,987,3307,2549,3234,3198,3453,3886,4840,3841,2165,1970,3060,2766,4127,5273,2723,2850,3815,2788,3667,2662,2811,2788,1918,1584,2232,1298,1787,3016,2972,1540,1342,4838,3746,3063,2663,3602,3319,3774,6009,5700,3645,3935,3767,3313,4276,3410,3435,3191,3964,3205,2590,2309,1356,1894,1748,3810,2916,3968,6014,1918,4215,2075,4579,1634,5653,3776,2985,3939,3202,5875,4421,5047,5144,2667,3756,3733,3377,3951,2422,3178,4377,3169,2089,3948,4579,3866,5313,3492,2303,4074,4310,2211,2896,3406,1765,2771,2901,3654,4970,1600,2941,2933,3703,4415,4473,3329,2570,4043,4241,3766,3624,3139,3841,2221,6412,3896,5544,4700,2785,3154,5747,5678,9127,5945,5089,3821,4644,2260,7476,6939,3138,1791,5004,4792,2464,3910,2152,3180,2096,3369,3064,2918,4346,3688,2755,4114,4947,4371,4481,1103,1315,2182,2631,1398,936,1684,1993,1162,4338,1174,2177,2035,1425,2285,3536,4594,6853,3601,0,0
AGE,,,,,,,,,,,,,,,,,,,,,,,,,,,,,,,,,,,,,,,,,,,,,,,,,,,,,,,,,,,,,,,,,,,,,,,,,,,,,,,,,,,,,,,,,,,,,,,,,,,,,,,,,,,,,,,,,,,,,,,,,,,,,,,,,,,,,,,,,,,,,,,,,,,,,,,,,,,,,,,,,,,,,,,,,,,,,,,,,,,,,,,,,,,,,,,,,,,,,,,,,,,,,,,,,,,,,,,,,,,,,,,,,,,,,,,,,,,,,,,,,,,,,,,,,,,,,,,,,,,,,,,,,,,,,,,,,,,,,,,,,,,,,,,,,,,,,,,,,,,,,,
1 to 4 years,370,177,584,654,43,285,138,226,212,321,110,405,197,293,564,509,40,328,453,302,166,80,148,110,157,383,166,119,255,43,505,32,125,52,73,230,361,120,188,658,193,102,97,241,54,385,167,188,173,60,74,237,355,264,174,292,263,33,68,205,125,152,79,331,236,259,136,161,96,110,228,107,18,76,98,260,105,129,88,53,65,26,104,20,7,8,21,0,58,28,38,115,100,172,20,92,157,66,50,121,27,119,107,29,77,0,41,33,11,17,99,140,7,141,87,185,25,85,176,156,13,252,0,85,55,150,45,26,111,184,76,0,216,188,281,270,238,238,310,232,215,252,193,138,274,199,64,175,185,53,172,199,79,191,68,89,124,47,206,281,102,44,82,232,178,84,90,42,140,299,496,293,186,235,298,364,174,425,215,77,178,122,63,121,94,20,79,228,85,142,314,57,257,170,221,44,341,166,66,173,109,247,372,269,303,120,238,235,182,244,97,141,146,147,110,263,180,138,301,138,99,192,149,104,273,207,89,95,155,221,73,62,110,125,182,292,277,259,117,183,124,110,211,171,250,90,257,174,197,468,170,169,240,436,479,334,256,127,259,70,318,235,56,88,152,311,66,281,186,133,65,161,173,203,241,295,141,0,207,134,241,104,39,110,413,57,81,276,225,19,0,0,9,132,68,17,78,111,311,20,0,0
5 to 17 years,1323,677,1672,1463,179,881,311,881,557,962,1416,1295,702,944,919,373,431,1040,848,580,779,648,903,668,857,466,349,530,704,692,448,468,462,481,518,1075,880,519,1014,598,671,275,518,482,480,643,794,692,844,306,277,1031,965,557,721,707,494,234,251,270,581,284,403,571,549,916,486,630,210,337,667,443,143,530,514,607,362,296,111,161,291,165,97,63,183,194,199,226,392,197,166,328,469,502,474,279,550,342,400,527,298,311,182,170,233,4,24,10,28,0,69,683,130,375,219,217,66,256,621,283,43,485,138,186,94,526,0,67,40,23,304,0,930,396,632,765,698,1094,1492,1241,455,603,745,614,1321,1660,612,657,1237,919,1059,706,235,133,160,152,231,161,259,964,445,362,354,901,575,549,693,432,484,289,938,1054,610,754,676,734,1134,791,977,390,435,513,454,299,324,368,188,852,503,975,675,459,744,451,719,343,798,452,510,591,597,911,903,1293,1318,472,404,618,186,572,350,732,515,698,258,571,746,911,540,594,334,868,654,272,236,328,271,433,280,412,707,199,609,329,630,804,628,390,330,669,712,672,369,435,400,450,710,569,536,576,491,553,1274,1137,2000,878,626,374,615,197,1292,1409,349,205,999,1059,358,631,272,569,256,382,548,230,291,825,288,595,467,192,451,191,325,364,824,325,218,234,565,266,104,7,250,155,228,0,228,617,1536,15,0,0
18 to 24 years,331,88,460,260,27,262,148,176,93,392,394,619,300,345,497,336,296,276,468,250,307,446,316,297,334,169,274,147,527,311,268,168,112,304,148,270,347,412,825,713,306,91,171,309,270,110,341,134,592,189,175,67,211,296,326,555,354,77,187,178,218,147,82,156,132,150,364,265,160,245,305,125,244,178,255,306,269,208,488,2492,573,741,1175,1833,385,172,89,56,53,100,140,128,75,214,170,157,79,140,100,207,173,78,33,60,112,687,284,338,250,578,148,177,61,209,102,25,199,1117,170,118,77,395,134,266,207,260,549,1131,2202,2068,779,544,314,422,230,321,377,331,633,317,181,168,386,246,390,553,454,261,221,319,395,396,316,136,17,11,141,56,97,368,452,240,147,449,378,129,189,164,182,241,543,547,249,350,257,141,382,436,320,219,215,144,170,62,35,89,137,304,255,434,190,105,153,75,449,95,134,500,236,329,155,315,177,166,92,199,278,104,618,112,177,216,315,279,68,326,319,103,378,221,198,312,294,119,237,180,72,111,128,125,341,71,70,123,300,197,262,228,266,213,253,159,136,102,364,249,478,174,353,293,177,98,386,220,318,334,235,324,204,146,361,478,372,260,282,208,120,225,80,117,87,200,215,109,75,287,165,109,174,294,222,129,79,249,200,241,77,152,237,128,1129,980,281,348,58,192,725,423,370,290,0,0
25 to 34 years,1045,463,959,1310,139,366,159,527,643,731,781,558,500,403,753,548,538,594,543,586,555,286,558,320,454,387,310,208,510,406,301,280,355,322,367,611,594,278,704,886,367,212,249,292,208,401,346,363,212,568,272,289,530,455,518,563,322,346,292,371,492,466,652,634,642,349,252,279,152,231,308,336,211,233,362,340,494,653,394,130,430,763,1202,692,590,451,207,101,267,47,36,189,129,101,182,396,489,683,304,230,115,307,190,173,861,1021,1121,451,985,1238,684,356,229,524,342,746,232,727,491,369,154,323,401,264,362,407,797,1106,282,236,450,190,270,414,573,570,686,185,519,604,304,266,461,300,471,831,275,297,688,318,620,339,941,1004,301,234,535,316,283,265,427,215,185,705,593,584,284,482,315,775,1024,814,496,679,426,605,490,559,410,781,593,719,473,426,221,215,147,542,202,320,966,227,371,68,381,72,899,861,281,547,162,669,336,195,702,586,838,403,448,589,332,408,666,244,227,887,1095,292,1596,443,423,894,857,393,567,577,366,460,437,891,1433,227,437,506,654,617,801,535,225,854,459,338,603,559,627,309,1138,680,949,867,350,101,532,878,902,389,434,503,954,303,1234,1322,761,500,415,267,293,669,183,454,378,940,359,286,1057,596,344,501,616,660,928,128,325,430,406,222,140,127,324,221,1690,81,510,599,406,427,1395,738,372,1407,0,0
35 to 44 years,343,385,744,477,173,438,319,454,397,779,604,818,181,666,597,480,239,187,410,321,407,262,640,277,291,360,317,299,358,371,209,282,417,445,234,313,445,204,642,376,441,219,350,302,236,391,592,490,464,196,221,499,387,366,379,574,402,198,256,453,549,304,313,631,425,321,357,295,139,214,172,196,71,296,253,343,437,397,244,168,267,237,544,108,422,392,99,70,133,128,14,165,144,269,267,171,273,450,334,247,210,125,44,198,420,286,440,190,530,164,93,317,100,478,286,266,164,238,537,295,116,407,100,264,190,153,151,241,118,89,88,39,524,329,315,438,495,875,692,488,229,391,421,304,578,671,371,637,496,456,322,395,490,374,305,386,319,310,343,438,366,138,100,618,582,458,438,623,617,332,769,886,509,526,724,401,759,419,478,455,689,673,536,210,167,322,167,615,417,699,948,244,591,248,637,177,875,267,379,574,396,822,593,929,765,380,478,515,485,542,332,405,725,438,407,621,624,530,693,506,399,571,747,350,257,361,262,249,405,417,472,247,434,468,559,629,682,603,242,606,563,519,380,590,341,448,773,570,557,388,297,438,814,820,1455,914,639,413,574,393,1059,967,276,242,814,588,335,406,497,403,263,375,176,617,904,557,348,476,540,636,739,169,167,336,261,238,114,70,221,119,713,9,435,308,67,249,250,736,1389,572,0,0
45 to 54 years,261,390,427,830,175,308,178,549,420,354,534,706,560,389,296,503,350,355,370,336,456,320,597,300,255,333,167,143,427,200,123,196,120,166,353,405,304,406,548,832,521,166,240,204,354,173,340,308,613,241,163,176,369,250,416,445,381,222,182,355,366,208,203,360,338,245,292,274,140,220,148,154,93,167,220,82,110,239,116,244,202,126,118,123,251,219,289,38,261,130,102,102,117,171,185,127,382,224,261,124,70,150,128,105,217,275,370,122,238,100,199,209,172,315,182,193,138,220,216,134,138,283,284,227,151,148,399,259,113,105,209,82,513,312,266,256,498,388,678,351,299,137,326,579,311,588,488,535,366,267,461,320,150,226,243,290,315,148,201,436,633,199,196,696,284,222,283,445,467,402,487,760,604,371,218,241,713,290,493,394,410,255,251,313,130,157,198,446,470,539,804,268,461,393,544,259,641,523,427,304,538,886,542,727,698,291,640,494,212,305,242,448,589,489,289,296,856,605,466,333,310,260,370,280,307,642,134,523,383,406,610,207,182,283,399,628,439,307,290,464,510,206,441,373,369,193,1296,301,516,758,335,377,1048,722,1115,961,480,561,469,351,1020,719,529,116,690,899,358,517,316,391,189,272,467,438,245,447,237,760,480,507,432,215,70,218,146,133,107,221,78,136,340,53,224,229,123,125,112,495,986,336,0,0
55 to 64 years,260,468,210,523,248,197,151,316,136,281,494,593,620,546,302,614,447,151,248,151,199,355,635,362,446,286,291,295,473,197,156,207,198,197,447,500,400,595,433,598,407,216,218,308,254,126,210,207,667,241,249,226,311,383,547,694,500,174,266,487,306,252,161,373,435,333,149,133,249,282,162,302,154,311,96,95,156,434,139,110,256,318,284,104,110,83,66,42,178,83,143,162,131,173,336,218,340,303,241,78,137,136,212,85,167,85,503,123,231,104,95,109,96,143,285,203,118,108,403,214,132,152,293,255,179,92,230,292,43,47,256,81,234,284,480,370,247,299,191,267,255,76,266,330,324,299,292,144,300,223,434,169,339,234,170,203,231,148,173,172,324,190,141,618,655,378,391,495,587,493,715,711,451,478,703,525,254,238,187,408,804,235,257,230,220,378,212,519,445,466,1009,187,639,260,551,248,1057,318,332,442,337,489,849,685,578,287,375,671,539,693,326,219,375,343,308,416,379,610,440,654,185,517,683,206,350,666,284,552,365,588,565,335,399,610,404,423,546,707,471,403,638,593,439,273,633,251,683,643,1021,406,349,317,538,467,1180,999,806,621,871,337,986,1073,273,273,1073,689,368,503,230,519,331,439,455,431,733,238,452,672,1190,1079,530,94,155,184,228,141,91,208,165,127,240,20,169,136,249,236,325,782,1214,704,0,0
65 to 74 years,404,385,304,344,187,114,102,410,249,138,239,549,367,635,338,108,129,100,341,192,284,90,459,150,226,196,86,365,307,139,147,121,180,77,91,341,247,140,251,239,322,119,224,179,250,137,118,200,286,209,139,244,269,327,237,444,237,104,112,348,339,137,172,269,546,149,137,110,88,56,116,74,46,172,149,117,105,291,92,211,281,244,214,127,196,80,211,36,23,81,46,117,54,66,101,110,130,205,231,74,58,52,73,81,191,112,250,118,138,114,57,67,91,305,311,170,121,283,135,126,108,109,135,252,93,46,261,243,12,23,53,51,126,140,197,132,193,123,250,305,107,52,235,186,352,291,92,85,172,159,138,56,216,429,324,137,236,79,157,72,99,97,119,448,221,460,216,506,337,674,748,349,345,355,290,177,251,176,264,334,365,438,250,459,125,227,234,166,418,239,508,144,644,263,642,206,700,485,441,618,411,1056,377,583,454,200,365,461,365,477,424,392,378,337,290,277,207,464,412,294,256,298,405,244,407,344,211,258,555,397,661,192,266,316,443,624,496,237,290,617,487,566,705,427,469,167,629,501,845,585,293,477,356,358,996,524,791,412,542,206,701,411,377,70,460,531,391,472,213,444,164,359,480,295,680,315,338,415,701,491,508,64,116,213,102,24,55,308,98,94,68,23,239,64,171,375,273,458,488,204,0,0
75 years and over,358,482,174,146,85,24,98,182,24,123,182,180,327,180,81,155,79,78,206,45,148,72,89,24,53,58,38,40,728,192,42,140,56,41,107,86,165,171,170,378,163,55,99,116,132,84,88,151,475,68,71,98,453,329,116,357,89,53,79,209,203,140,67,231,174,52,40,60,42,91,120,63,41,70,50,113,38,130,67,59,94,671,52,66,43,40,21,45,0,15,15,59,38,51,37,24,91,102,55,13,13,13,35,26,0,39,166,58,52,270,9,48,6,54,59,120,108,178,107,25,55,22,17,130,0,0,134,43,41,0,54,0,180,64,260,76,21,353,75,36,120,25,27,69,106,181,75,59,150,74,66,82,45,61,330,82,100,33,68,20,124,55,18,171,280,199,79,413,190,269,289,286,195,187,175,125,119,76,91,133,275,106,136,189,40,118,386,138,121,154,600,227,355,147,435,190,208,204,313,361,497,480,272,200,234,132,140,232,342,417,142,217,668,194,132,291,173,213,487,309,99,162,151,243,262,101,76,90,193,197,108,60,434,173,132,201,342,63,339,34,495,603,340,209,388,64,448,284,570,359,323,624,559,640,682,612,822,486,156,257,505,325,145,37,119,240,175,206,175,150,363,241,191,309,120,128,442,586,572,378,430,9,39,78,51,17,53,88,80,52,54,1,60,64,55,664,150,234,187,53,0,0
Median age (years),28.7,44.3,25.5,30.3,50.6,26.2,35.8,36.1,29.9,29.7,31.6,34.4,44.7,37.9,27.1,35.2,33.7,22.5,27.9,29.3,30.2,25.4,41.2,29.8,29.5,31.4,32.9,39.2,40.1,28.9,20.8,35.0,34.5,33.1,36.4,30.3,32.0,39.6,28.6,32.0,40.6,37.2,37.4,32.4,39.4,26.8,29.3,34.0,42.6,32.7,37.0,28.6,32.6,38.8,34.7,39.0,36.3,36.2,36.2,42.8,37.7,34.9,32.8,37.1,38.9,27.2,29.5,26.3,35.6,34.3,22.6,32.8,28.3,35.0,27.5,24.2,31.5,36.4,28.6,19.8,30.1,33.9,29.3,22.4,33.6,34.6,43.5,30.1,31.1,38.5,27.7,31.5,22.7,24.5,37.7,31.6,34.7,36.2,40.6,24.3,29.5,29.4,32.9,37.6,31.1,28.7,36.8,32.0,34.4,29.5,29.8,26.5,39.0,35.3,39.4,32.4,40.6,26.6,34.7,31.9,47.2,26.7,39.9,43.2,31.9,24.6,33.1,29.5,20.7,21.1,24.3,23.8,31.3,30.7,33.5,31.0,30.0,36.7,24.7,26.8,34.2,22.4,31.2,39.1,25.9,29.2,33.2,35.4,30.2,27.8,28.5,25.3,33.1,33.9,51.7,42.2,38.6,37.3,36.2,22.0,35.8,28.8,28.3,38.6,38.2,39.0,36.1,46.4,42.9,44.4,35.1,35.7,41.9,34.5,39.1,32.4,34.5,26.5,28.6,37.6,42.2,37.0,37.0,46.4,35.1,43.2,54.1,34.7,44.9,36.4,44.4,40.2,44.8,45.9,43.0,48.8,42.6,33.7,46.0,39.1,48.4,44.9,42.1,42.9,37.2,34.7,36.0,44.6,40.6,42.2,41.6,37.1,42.0,38.9,44.3,34.4,34.7,44.1,32.8,41.3,38.7,32.5,38.6,41.7,39.0,45.8,37.4,45.8,45.6,38.4,33.5,43.9,40.3,44.1,36.7,39.5,37.7,37.8,47.9,36.5,45.1,48.9,48.3,37.0,42.3,35.8,43.2,39.5,49.2,38.2,40.8,52.4,38.8,38.3,41.4,45.7,52.7,49.0,39.6,46.0,38.9,36.0,36.5,30.4,44.0,43.8,47.4,38.8,42.4,43.0,44.0,35.0,46.7,46.2,40.9,33.4,47.5,51.4,54.9,48.7,42.2,35.0,33.1,34.5,21.9,28.3,30.5,41.3,23.0,32.5,28.8,19.8,36.2,31.0,32.9,60.8,29.4,41.1,41.1,37.5,-,-
SEX,,,,,,,,,,,,,,,,,,,,,,,,,,,,,,,,,,,,,,,,,,,,,,,,,,,,,,,,,,,,,,,,,,,,,,,,,,,,,,,,,,,,,,,,,,,,,,,,,,,,,,,,,,,,,,,,,,,,,,,,,,,,,,,,,,,,,,,,,,,,,,,,,,,,,,,,,,,,,,,,,,,,,,,,,,,,,,,,,,,,,,,,,,,,,,,,,,,,,,,,,,,,,,,,,,,,,,,,,,,,,,,,,,,,,,,,,,,,,,,,,,,,,,,,,,,,,,,,,,,,,,,,,,,,,,,,,,,,,,,,,,,,,,,,,,,,,,,,,,,,,,
Male,2286,1285,2590,2644,579,1271,708,1735,1176,2033,2330,3137,1715,1979,1754,1707,1316,1396,1638,1485,1681,1397,2325,1346,1577,1223,807,921,2183,1232,1081,816,1133,1100,980,1840,1615,1449,2293,2339,1570,638,1117,811,726,1195,1332,1094,1692,1101,769,1451,1746,1473,1533,1968,1176,746,704,1471,1598,917,1031,1712,1739,1009,897,1089,575,720,1056,859,509,824,1042,829,1021,1336,860,1625,1459,1315,1932,1693,1043,851,701,224,554,374,314,692,618,664,1005,725,1071,1155,1003,645,406,609,447,458,1254,1453,1629,847,1553,1397,733,1099,425,1192,895,1135,661,1320,1555,807,523,1216,798,698,703,857,1356,1783,1628,1132,967,373,1667,1324,1429,1655,1964,1945,2463,2043,1100,981,1612,1279,2182,2613,1311,1421,1777,1385,1892,1455,1484,1544,868,835,1098,673,835,1679,1539,817,591,2342,2066,1580,1353,1776,1837,2050,2781,2554,1818,1675,1592,1726,2387,1858,1698,1616,1749,1507,1446,1033,611,841,843,2087,1306,1841,2878,958,1767,983,2198,821,2920,2134,1590,1726,1447,2588,2278,2607,2333,1376,1726,1747,1665,1815,1241,1428,2000,1609,1030,1751,2130,1857,2596,1588,1182,2006,2442,1049,1497,1895,1001,1545,1394,1900,2326,753,1317,1514,1993,1925,2055,1947,1264,2079,2058,1792,1574,1385,1675,998,3245,1848,2696,2306,1265,1489,2655,2786,4185,3053,2388,2026,2424,1255,3787,3441,1347,915,2635,2386,1199,2000,1151,1376,1065,1714,1577,1496,2440,1662,1440,2056,2270,2295,2025,498,760,1085,1069,619,384,790,923,629,2788,456,1418,1209,695,1064,1442,2424,3412,1852,0,0
Female,2409,2230,2944,3363,677,1604,896,1986,1555,2048,2424,2586,2039,2422,2593,1919,1233,1713,2249,1278,1620,1162,2020,1162,1496,1415,1191,1225,2106,1319,1118,1078,892,985,1358,1991,2128,1396,2482,2939,1821,817,1049,1622,1512,1255,1664,1639,2634,977,872,1416,2104,1754,1901,2663,1866,695,989,1405,1581,1173,1101,1844,1738,1765,1316,1118,701,1066,1170,941,512,1209,955,1434,1055,1441,879,2003,1000,1976,1858,1443,1144,788,501,390,811,435,386,673,639,1055,767,849,1420,1360,973,976,695,682,557,469,1024,1056,1570,596,910,1188,720,1007,467,1352,978,990,510,1892,1301,913,313,1212,704,1231,628,925,1210,1625,1334,1643,1302,614,1640,1225,1805,1543,1489,1941,2377,1798,1065,989,1448,1487,1945,2660,1412,1429,2038,1403,1775,1207,1327,1244,1050,749,1134,625,952,1337,1433,723,751,2496,1680,1483,1310,1826,1482,1724,3228,3146,1827,2260,2175,1587,1889,1552,1737,1575,2215,1698,1144,1276,745,1053,905,1723,1610,2127,3136,960,2448,1092,2381,813,2733,1642,1395,2213,1755,3287,2143,2440,2811,1291,2030,1986,1712,2136,1181,1750,2377,1560,1059,2197,2449,2009,2717,1904,1121,2068,1868,1162,1399,1511,764,1226,1507,1754,2644,847,1624,1419,1710,2490,2418,1382,1306,1964,2183,1974,2050,1754,2166,1223,3167,2048,2848,2394,1520,1665,3092,2892,4942,2892,2701,1795,2220,1005,3689,3498,1791,876,2369,2406,1265,1910,1001,1804,1031,1655,1487,1422,1906,2026,1315,2058,2677,2076,2456,605,555,1097,1562,779,552,894,1070,533,1550,718,759,826,730,1221,2094,2170,3441,1749,0,0
RACE AND HISPANIC OR LATINO ORIGIN,,,,,,,,,,,,,,,,,,,,,,,,,,,,,,,,,,,,,,,,,,,,,,,,,,,,,,,,,,,,,,,,,,,,,,,,,,,,,,,,,,,,,,,,,,,,,,,,,,,,,,,,,,,,,,,,,,,,,,,,,,,,,,,,,,,,,,,,,,,,,,,,,,,,,,,,,,,,,,,,,,,,,,,,,,,,,,,,,,,,,,,,,,,,,,,,,,,,,,,,,,,,,,,,,,,,,,,,,,,,,,,,,,,,,,,,,,,,,,,,,,,,,,,,,,,,,,,,,,,,,,,,,,,,,,,,,,,,,,,,,,,,,,,,,,,,,,,,,,,,,,
One race,4462,3363,5448,5684,1194,2768,1544,3499,2588,3749,4348,5022,3682,4259,4036,3415,2492,3021,3886,2710,3047,2550,4133,2455,2948,2477,1896,1887,4110,2318,2155,1738,1921,1954,2010,3759,3655,2760,4635,4966,3251,1352,2112,2363,2140,2416,2497,2699,4178,2016,1452,2867,3805,3202,3345,4270,3013,1282,1607,2681,2672,1839,1949,3359,3253,2367,2056,2153,1275,1725,2211,1713,1009,1995,1989,2188,1893,2610,1502,3306,2311,3112,3608,2966,1947,1506,944,600,1330,772,684,1338,1152,1700,1755,1496,2400,2358,1913,1598,1013,1231,875,789,1987,2306,2887,1299,2369,2403,1424,2029,830,2368,1673,1881,1047,2833,2605,1411,779,2133,1402,1918,1129,1601,2404,3266,2907,2629,2082,746,1982,1713,2504,1818,2273,3178,2786,1973,1524,1197,2325,1638,2612,3200,1561,1663,2936,1242,2095,1353,2554,2282,1791,1444,2093,1113,1520,1253,2105,1155,859,3670,3196,2516,2388,3154,2785,3065,5437,4473,3197,3204,3161,2584,3527,2044,2307,2964,3695,3031,2452,2014,1294,1441,1452,2939,2018,3572,5411,1719,3867,1954,4250,1491,5277,3275,2863,3472,3168,5800,4154,4711,4921,2515,3440,3465,3180,3439,2309,3041,4138,3137,1998,3720,4223,3759,4913,3297,2207,3217,3662,2038,2746,3129,1487,2502,2792,3293,4828,1477,2385,2717,3132,4138,4011,2720,2523,3494,4018,3654,3268,2445,3277,1714,5875,3580,5026,4376,2670,2923,5422,5293,8697,5745,4898,3486,4031,2118,6753,6447,2690,1654,4769,4164,2317,3577,1871,2989,2029,3156,2602,2555,3869,3157,2696,3825,4799,4124,4309,1063,1279,2028,2227,1250,902,1553,1956,1082,4161,1124,1350,1702,1062,2144,3368,4403,6472,3451,0,0
White,836,833,655,1600,993,179,657,817,698,1012,706,1454,701,860,471,387,299,139,143,278,395,183,854,315,244,257,124,433,232,51,312,250,213,239,246,343,455,388,616,1349,232,229,303,218,193,40,122,306,238,423,18,100,4,202,396,1110,303,641,759,1676,2023,1677,1333,2153,668,204,368,55,22,12,23,161,44,131,146,158,1363,1711,1304,2782,2028,2739,3078,2619,1557,1101,141,12,39,59,0,104,139,52,246,550,1230,1802,1521,57,47,0,24,455,1525,1776,2399,1065,1922,1896,1004,348,79,1638,1451,1679,973,2269,2213,1078,426,219,453,424,60,268,1976,2410,1950,1789,630,418,730,582,1094,565,1182,1751,1255,724,525,658,1025,782,1245,1535,746,607,810,546,849,484,2168,2213,1657,1410,1857,1085,1426,774,793,496,437,2172,1874,2034,1648,2576,2385,2514,4190,2961,2264,2131,1599,1716,1743,887,913,2582,3352,2592,2169,1686,1103,1171,1154,1379,1431,2223,4834,1442,3560,1906,3585,1249,2796,2132,1199,2626,2405,4070,3874,4583,3874,1938,3136,3279,2766,2413,2083,2087,3405,3051,1936,3186,3587,3483,4164,3110,1866,2177,2907,1866,2314,2644,1355,2285,2646,2615,3597,1334,2289,2553,2702,3346,2933,2145,2269,2268,3746,3375,2719,1992,2167,1567,4235,2835,4252,4178,2516,2794,4847,4186,7790,5336,4493,2995,3556,1728,5749,5359,2027,1202,4453,3660,2253,3296,1778,2775,1865,2857,2329,2381,3487,2635,2365,3690,3813,3726,3353,16,1,630,263,74,99,187,203,77,2258,936,950,1060,525,1883,2859,3744,5531,3178,0,0
Black or African American,3303,2351,3646,3114,75,2376,699,2078,1653,2244,3481,2647,2747,3034,3262,2892,2137,2193,2433,1888,1749,2204,3124,1953,2629,2082,1712,1373,3816,2176,1751,1406,1674,1490,1619,3109,2783,1929,3375,3492,2825,1075,1773,2128,1947,2375,2313,2391,3847,1467,1391,2704,3687,2939,2829,2770,2489,602,656,878,452,143,596,1142,2301,2124,1659,2096,1050,1560,2188,1549,965,1706,1809,1767,415,618,87,213,96,166,337,106,290,167,781,567,1235,713,684,1234,935,1585,1443,803,1062,327,362,1391,595,896,690,289,286,221,393,171,166,260,359,723,713,375,150,150,19,223,226,204,231,1405,856,1126,959,1272,94,245,550,522,1192,147,481,406,218,670,394,134,630,198,405,362,410,246,680,228,34,13,3,123,229,91,213,39,117,34,32,8,1,137,118,128,78,258,546,126,42,145,45,90,118,374,325,370,202,162,308,29,224,96,173,240,208,146,49,34,116,717,26,85,82,22,218,1,260,104,1643,982,1459,423,559,1034,94,9,427,173,94,33,46,506,185,741,470,11,10,343,235,142,279,19,86,629,413,16,144,287,45,45,47,141,488,72,50,64,222,480,187,323,8,663,87,118,98,12,219,39,705,237,106,36,0,3,108,105,215,90,76,131,120,199,175,408,196,136,115,26,0,76,82,7,74,128,134,159,31,136,258,32,458,142,377,1032,1278,1327,1946,904,632,1305,1454,893,1542,86,244,205,381,134,278,465,45,129,0,0
American Indian and Alaska Native,22,0,0,64,4,0,24,0,35,108,0,265,0,0,0,1,0,0,0,0,0,32,0,69,10,2,0,12,0,0,0,0,0,11,0,44,7,74,0,0,0,0,0,0,0,0,0,0,0,0,0,0,0,4,0,0,0,24,5,5,0,0,8,0,33,17,0,2,13,2,0,0,0,10,0,78,11,29,0,5,0,0,12,40,0,32,0,5,2,0,0,0,0,0,0,0,50,0,9,0,0,0,3,0,0,0,48,0,0,0,0,0,0,0,7,0,0,0,27,0,26,64,20,10,0,0,28,104,0,92,0,17,41,0,27,113,35,42,28,46,76,14,64,0,24,312,77,42,157,25,128,122,7,10,6,0,61,7,50,0,19,18,0,20,4,9,109,71,88,36,44,93,80,0,45,70,53,0,0,0,8,12,6,28,0,14,0,18,0,0,0,0,0,0,0,0,0,25,0,25,0,0,0,8,36,7,0,0,10,0,0,93,59,0,6,14,49,27,0,0,21,66,0,0,42,11,0,0,44,0,101,21,7,0,0,50,87,0,0,67,0,0,0,11,13,41,15,0,17,0,3,23,36,0,39,12,38,0,0,0,7,10,11,0,0,8,21,0,11,0,0,162,65,0,0,6,0,28,59,0,1,15,0,0,18,10,0,4,26,12,42,0,0,6,7,0,17,0,20,32,0,0
Asian,295,133,898,877,122,64,82,601,131,50,161,656,99,218,263,7,56,561,603,544,788,106,155,87,65,0,27,0,35,49,0,0,26,102,83,245,389,357,644,125,194,29,15,0,0,1,44,0,0,12,22,0,0,54,90,76,221,7,54,54,142,7,0,0,168,22,21,0,171,0,0,0,0,0,0,0,6,22,100,228,169,194,166,133,80,30,7,0,12,0,0,0,0,63,66,119,58,0,8,147,371,335,0,0,59,87,33,21,110,157,56,864,38,79,60,0,34,137,82,52,27,147,0,10,25,30,244,425,273,140,173,109,0,59,242,181,95,119,155,0,18,0,285,81,0,0,42,483,121,87,221,0,0,0,11,0,117,0,3,0,150,9,0,488,19,118,82,146,0,46,385,407,355,295,310,400,464,166,504,8,0,41,20,101,0,73,30,548,442,564,240,36,44,41,382,120,610,59,155,257,167,402,135,103,345,264,149,72,321,331,28,79,190,25,0,130,239,20,452,135,155,204,155,87,190,40,4,15,0,420,310,20,28,90,49,12,0,32,149,6,51,113,170,128,420,21,408,178,405,140,129,66,257,513,518,251,291,303,151,180,605,433,269,302,127,264,0,32,0,59,0,0,0,15,351,53,0,19,69,44,428,0,0,0,0,198,171,6,234,63,95,66,0,80,13,117,137,88,498,112,0,0
Native Hawaiian and Other Pacific Islander,0,0,0,0,0,0,0,0,0,0,0,0,0,0,0,0,0,0,0,0,0,0,0,31,0,0,0,0,0,0,0,0,0,0,0,0,0,0,0,0,0,4,0,0,0,0,0,0,0,0,0,0,0,0,0,0,0,0,0,0,0,0,0,0,0,0,0,0,0,0,0,3,0,0,0,0,0,12,0,0,0,0,0,0,0,0,0,0,0,0,0,0,0,0,0,0,0,3,0,0,0,0,0,0,0,0,0,0,0,0,0,0,0,0,0,0,0,0,0,0,0,0,0,0,0,0,0,0,0,0,0,0,0,0,0,0,0,0,0,0,0,0,0,0,0,0,0,0,0,0,0,0,0,0,0,0,4,0,0,0,0,0,0,0,0,0,0,0,0,0,0,0,0,0,0,0,0,0,0,0,0,0,0,2,0,0,0,0,0,0,0,0,0,0,0,0,0,0,0,0,0,0,0,0,0,0,0,0,0,0,0,0,0,0,0,0,0,0,0,0,7,15,0,0,0,0,0,0,0,0,0,0,0,0,0,7,0,0,0,0,0,0,0,0,0,4,0,4,0,0,0,0,0,0,0,0,0,0,0,0,0,0,0,0,0,0,0,0,0,0,0,0,0,0,0,0,0,20,0,0,0,0,0,0,0,0,0,0,0,0,0,0,0,0,0,0,0,0,92,0,0,0
Some other race,6,46,249,29,0,149,82,3,71,335,0,0,135,147,40,128,0,128,707,0,115,25,0,0,0,136,33,69,27,42,92,82,8,112,62,18,21,12,0,0,0,15,21,17,0,0,18,2,93,114,21,63,114,3,30,314,0,8,133,68,55,12,12,64,83,0,8,0,19,151,0,0,0,148,34,185,98,218,11,78,18,13,15,68,20,176,15,16,42,0,0,0,78,0,0,24,0,226,13,3,0,0,158,45,117,222,14,42,171,90,5,94,0,276,5,52,21,204,57,77,69,298,73,348,85,31,62,82,134,86,87,55,730,666,923,289,567,1132,718,1005,500,163,541,529,663,1125,662,518,1845,461,668,656,166,20,0,0,22,13,40,342,1025,504,344,732,753,229,507,216,267,379,700,638,173,408,1005,236,959,962,666,278,162,146,49,51,142,149,152,277,119,700,255,219,45,6,23,18,228,77,50,141,37,294,51,8,239,133,61,81,37,189,13,41,14,50,46,47,113,87,18,33,72,126,187,69,56,147,83,157,55,117,332,30,11,10,159,243,804,220,97,490,134,48,281,302,458,42,512,326,246,22,22,37,174,489,135,56,0,57,204,11,217,237,187,14,74,206,43,173,0,148,90,9,74,0,0,327,73,36,400,212,150,0,0,71,0,64,0,51,39,37,224,36,156,351,136,10,77,106,286,0,0,0
Two or more races,233,152,86,323,62,107,60,222,143,332,406,701,72,142,311,211,57,88,1,53,254,9,212,53,125,161,102,259,179,233,44,156,104,131,328,72,88,85,140,312,140,103,54,70,98,34,499,34,148,62,189,0,45,25,89,361,29,159,86,195,507,251,183,197,224,407,157,54,1,61,15,87,12,38,8,75,183,167,237,322,148,179,182,170,240,133,258,14,35,37,16,27,105,19,17,78,91,157,63,23,88,60,129,138,291,203,312,144,94,182,29,77,62,176,200,244,124,379,251,309,57,295,100,11,202,181,162,142,55,146,187,241,1325,836,730,1380,1180,708,2054,1868,641,773,735,1128,1515,2073,1162,1187,879,1546,1572,1309,257,506,127,140,139,185,267,1763,867,385,483,1168,550,547,275,448,534,709,572,1227,448,731,606,729,749,1366,1128,227,269,174,138,295,62,453,296,871,898,396,603,199,348,121,329,143,376,501,122,467,34,75,267,336,223,152,316,268,197,512,113,137,239,32,91,228,356,107,400,195,96,857,648,173,150,277,278,269,109,361,142,123,556,216,571,277,462,609,47,549,223,112,356,694,564,507,537,316,518,324,115,231,325,385,430,200,191,335,613,142,723,492,448,137,235,628,147,333,281,191,67,213,462,363,477,531,59,289,148,247,172,40,36,154,404,148,34,131,37,80,177,50,827,333,363,141,168,191,381,150,0,0
Hispanic or Latino origin (of any race),85,105,355,364,30,181,110,11,139,527,211,599,174,166,237,203,3,128,708,3,269,105,0,62,138,238,60,321,149,170,421,281,22,130,116,347,3,24,0,176,212,71,49,48,58,0,448,3,30,159,74,57,128,122,34,589,17,104,166,134,178,198,54,392,232,0,178,2,19,109,21,57,6,19,151,219,171,311,123,335,30,103,236,164,184,347,279,2,77,13,0,0,237,6,12,56,136,357,52,3,3,44,178,132,313,176,245,201,215,236,101,85,37,445,143,241,63,394,489,521,105,634,212,258,101,136,74,241,361,230,149,194,2748,1826,2190,2067,2598,2631,3549,3172,1498,979,1818,2163,2830,4419,2334,2094,3110,2246,2789,2200,374,427,154,104,188,257,525,2460,2377,1119,878,2085,1548,849,963,457,691,1270,1393,2110,876,1483,2306,1298,1959,2702,2012,482,588,295,285,501,262,568,426,661,1015,1246,1045,401,128,32,116,62,401,153,187,513,45,115,112,325,475,172,215,163,101,260,200,121,365,50,40,147,320,167,319,80,144,925,854,236,529,324,338,497,200,420,583,151,128,193,691,952,1426,781,150,1276,217,122,440,887,954,559,990,602,727,472,90,165,666,507,516,327,45,323,614,166,636,1091,710,143,308,704,141,506,155,293,290,459,728,291,251,829,238,341,678,381,223,0,8,77,581,214,13,289,62,116,463,133,982,859,530,78,116,180,760,53,0,0
"White alone, not Hispanic or Latino",822,807,597,1329,993,171,645,808,691,976,652,1446,701,843,411,363,299,139,143,278,395,183,854,299,234,257,117,433,121,51,153,107,213,223,246,338,455,376,616,1327,162,179,276,207,135,40,120,306,208,401,18,100,4,94,385,1056,303,619,748,1670,2005,1584,1333,2071,664,204,336,53,22,9,23,113,44,131,83,150,1331,1694,1274,2709,2028,2715,2915,2601,1534,1006,135,10,39,47,0,104,33,52,246,536,1150,1786,1502,57,47,0,24,402,1474,1713,2266,1003,1902,1883,908,328,79,1607,1415,1545,946,2196,2006,889,410,219,343,424,60,248,1947,2337,1779,1707,592,388,108,258,515,439,587,953,269,405,243,423,407,290,705,506,299,257,374,203,407,284,2123,2195,1559,1390,1746,971,1208,472,311,272,273,1917,1506,1827,1525,2544,2309,2235,3868,2760,2099,1540,954,1298,1346,499,664,2533,3139,2500,1974,1464,997,1109,1085,1305,1276,1993,4181,1324,3513,1902,3580,1227,2715,2121,1199,2488,2392,4056,3832,4463,3688,1925,3125,3179,2712,2393,1980,2042,3205,3051,1936,3106,3439,3401,4006,3110,1761,1992,2672,1756,1952,2514,1212,2096,2520,2387,3409,1295,2273,2482,2618,2969,2792,2058,2230,1915,3689,3339,2711,1892,2097,1448,4035,2775,4035,3831,2516,2682,4642,4180,7673,5103,4448,2930,3492,1707,5653,4871,1900,1083,4288,3623,2187,3047,1736,2725,1704,2492,2045,2274,3413,2384,2274,3415,3619,3698,3308,16,1,630,108,14,86,169,202,68,2131,880,813,843,436,1853,2818,3720,5282,3160,0,0
NATIVITY AND CITIZENSHIP STATUS,,,,,,,,,,,,,,,,,,,,,,,,,,,,,,,,,,,,,,,,,,,,,,,,,,,,,,,,,,,,,,,,,,,,,,,,,,,,,,,,,,,,,,,,,,,,,,,,,,,,,,,,,,,,,,,,,,,,,,,,,,,,,,,,,,,,,,,,,,,,,,,,,,,,,,,,,,,,,,,,,,,,,,,,,,,,,,,,,,,,,,,,,,,,,,,,,,,,,,,,,,,,,,,,,,,,,,,,,,,,,,,,,,,,,,,,,,,,,,,,,,,,,,,,,,,,,,,,,,,,,,,,,,,,,,,,,,,,,,,,,,,,,,,,,,,,,,,,,,,,,,
Native,4238,3352,4950,5595,1177,2758,1471,3304,2284,3891,4485,5398,3605,4040,4224,3608,2533,2831,3375,2539,2960,2527,3996,2412,3022,2551,1944,2085,4274,2406,2192,1821,1905,2025,2256,3640,3612,2618,4448,4997,3150,1422,2137,2429,2167,2448,2954,2733,4326,1955,1640,2848,3798,3074,3369,4462,2915,1418,1623,2766,3017,2053,2051,3510,3327,2713,2100,2193,1140,1786,2192,1761,1021,2007,1996,2184,2010,2723,1632,3274,2287,3030,3494,2964,2122,1592,1195,614,1365,809,700,1365,1216,1705,1745,1377,2428,2496,1931,1435,888,1117,974,907,2128,2247,2870,1332,2402,2271,1401,1698,871,2385,1751,2031,1113,3032,2802,1528,786,1577,1466,1768,930,1709,2114,2856,2722,2662,2162,883,2432,1704,2344,2352,2723,2928,3443,2082,1558,1714,2329,1692,3055,3586,1662,1742,2608,1744,2797,1835,2668,2685,1901,1520,2060,1268,1526,1783,1681,1088,1017,4005,3224,2702,2307,3334,3214,3398,5477,4794,3173,3080,2928,2652,3285,1898,1903,3037,3834,3088,2504,2179,1345,1718,1567,2400,2208,2726,5450,1522,3920,1981,4079,1496,5096,3482,2888,3666,2889,5023,4219,4700,4705,2316,3441,3621,2886,3569,2192,3031,4007,3134,2017,3830,4343,3738,4824,3198,2125,3826,4067,2057,2584,3253,1649,2706,2773,3163,4765,1550,2923,2797,3521,4297,4158,3130,2435,3568,4116,3593,3150,2817,3325,2061,5772,3608,4812,4444,2679,2993,5291,4843,8401,5561,4863,3229,4042,2050,6513,5962,2708,1497,4690,4608,2384,3450,2039,3090,1994,3257,2966,2768,3967,3123,2555,4003,4821,4162,4177,1103,1315,2165,2542,1300,882,1638,1841,924,4102,1063,1840,1640,1288,1995,3297,4423,6209,3545,0,0
Foreign born,457,163,584,412,79,117,133,417,447,190,269,325,149,361,123,18,16,278,512,224,341,32,349,96,51,87,54,61,15,145,7,73,120,60,82,191,131,227,327,281,241,33,29,4,71,2,42,0,0,123,1,19,52,153,65,169,127,23,70,110,162,37,81,46,150,61,113,14,136,0,34,39,0,26,1,79,66,54,107,354,172,261,296,172,65,47,7,0,0,0,0,0,41,14,27,197,63,19,45,186,213,174,30,20,150,262,329,111,61,314,52,408,21,159,122,94,58,180,54,192,50,851,36,161,401,73,452,552,240,113,107,104,875,845,890,846,730,958,1397,1759,607,256,731,1074,1072,1687,1061,1108,1207,1044,870,827,143,103,17,64,172,30,261,1233,1291,452,325,833,522,361,356,268,105,376,532,906,472,855,839,661,991,1512,1532,154,130,117,86,130,11,176,181,1410,708,1242,564,396,295,94,500,138,557,294,97,273,313,852,202,347,439,351,315,112,491,382,230,147,370,35,72,118,236,128,489,294,178,248,243,154,312,153,116,65,128,491,205,50,18,136,182,118,315,199,135,475,125,173,474,322,516,160,640,288,732,256,106,161,456,835,726,384,226,592,602,210,963,977,430,294,314,184,80,460,113,90,102,112,98,150,379,565,200,111,126,209,304,0,0,17,89,98,54,46,152,238,236,111,337,395,137,290,239,171,644,56,0,0
Naturalized U.S. citizen,358,156,263,333,58,114,50,379,134,78,114,191,84,254,70,18,3,211,416,216,298,32,279,38,30,65,41,36,0,64,7,0,82,60,46,87,106,211,276,178,211,17,3,4,0,2,40,0,0,65,1,0,14,41,49,116,76,16,24,98,110,10,75,46,101,39,27,14,78,0,22,14,0,26,1,12,34,54,25,113,148,74,137,76,19,35,7,0,0,0,0,0,3,2,19,37,28,9,42,83,74,61,0,20,57,160,128,77,17,96,27,254,21,109,73,35,0,37,1,27,23,150,0,16,35,16,257,149,68,18,38,69,184,114,200,190,173,210,231,175,214,58,361,340,434,364,273,215,312,134,142,102,10,43,11,59,116,10,62,352,617,105,74,198,195,222,112,30,27,151,159,81,338,507,404,331,283,472,237,74,86,63,49,98,4,66,40,877,313,951,282,169,226,84,322,120,427,181,77,153,255,399,177,298,219,216,185,102,244,235,170,92,225,18,48,63,124,95,270,234,76,234,71,103,7,64,68,21,103,211,100,26,18,101,79,107,47,86,126,187,93,149,322,136,376,125,505,144,302,71,22,107,218,717,503,212,153,433,350,174,253,425,160,42,209,159,70,332,80,39,85,34,44,50,245,347,81,83,87,106,131,0,0,0,28,60,51,13,48,125,32,63,98,192,75,195,123,105,317,0,0,0
Not a U.S. citizen,99,7,321,79,21,3,83,38,313,112,155,134,65,107,53,0,13,67,96,8,43,0,70,58,21,22,13,25,15,81,0,73,38,0,36,104,25,16,51,103,30,16,26,0,71,0,2,0,0,58,0,19,38,112,16,53,51,7,46,12,52,27,6,0,49,22,86,0,58,0,12,25,0,0,0,67,32,0,82,241,24,187,159,96,46,12,0,0,0,0,0,0,38,12,8,160,35,10,3,103,139,113,30,0,93,102,201,34,44,218,25,154,0,50,49,59,58,143,53,165,27,701,36,145,366,57,195,403,172,95,69,35,691,731,690,656,557,748,1166,1584,393,198,370,734,638,1323,788,893,895,910,728,725,133,60,6,5,56,20,199,881,674,347,251,635,327,139,244,238,78,225,373,825,134,348,435,330,708,1040,1295,80,44,54,37,32,7,110,141,533,395,291,282,227,69,10,178,18,130,113,20,120,58,453,25,49,220,135,130,10,247,147,60,55,145,17,24,55,112,33,219,60,102,14,172,51,305,89,48,44,25,280,105,24,0,35,103,11,268,113,9,288,32,24,152,186,140,35,135,144,430,185,84,54,238,118,223,172,73,159,252,36,710,552,270,252,105,25,10,128,33,51,17,78,54,100,134,218,119,28,39,103,173,0,0,17,61,38,3,33,104,113,204,48,239,203,62,95,116,66,327,56,0,0
MARITAL STATUS,,,,,,,,,,,,,,,,,,,,,,,,,,,,,,,,,,,,,,,,,,,,,,,,,,,,,,,,,,,,,,,,,,,,,,,,,,,,,,,,,,,,,,,,,,,,,,,,,,,,,,,,,,,,,,,,,,,,,,,,,,,,,,,,,,,,,,,,,,,,,,,,,,,,,,,,,,,,,,,,,,,,,,,,,,,,,,,,,,,,,,,,,,,,,,,,,,,,,,,,,,,,,,,,,,,,,,,,,,,,,,,,,,,,,,,,,,,,,,,,,,,,,,,,,,,,,,,,,,,,,,,,,,,,,,,,,,,,,,,,,,,,,,,,,,,,,,,,,,,,,,
Population 15 years and over,3177,2784,3777,4337,1077,2023,1261,2894,2091,2944,3533,4609,3100,3475,2926,2816,2210,1914,2801,2033,2502,1978,3476,1893,2244,1918,1594,1628,3450,1936,1301,1456,1438,1718,1802,2661,2607,2377,3826,4130,2771,1179,1637,1750,1926,1497,2170,1925,3413,1794,1403,1870,2716,2485,2652,3649,2371,1201,1524,2469,2598,1699,1696,2731,2729,1862,1727,1535,1015,1458,1437,1351,905,1502,1516,1647,1609,2424,1550,3502,2178,3149,3642,3064,2026,1528,1028,412,967,651,606,1022,731,1171,1426,1268,1892,2138,1638,1086,853,915,780,760,2010,2509,3134,1400,2424,2568,1285,1401,852,2183,1592,1747,1082,2950,2098,1317,780,1711,1376,1706,1190,1191,2521,3315,2811,2591,1903,987,2337,2030,2450,2306,2653,2863,3313,2786,1607,1249,2263,2166,2833,3827,2228,2116,2612,2011,2673,2026,2529,2487,1718,1364,1938,1117,1364,2003,2555,1208,995,3911,3189,2567,2179,3151,2771,3295,4717,4537,2979,3104,2895,2367,3235,2372,2461,2807,3445,2732,2190,1956,1078,1548,1502,2926,2386,3142,5263,1483,3372,1519,3790,1349,4551,3405,2606,3400,2608,4974,3349,3836,3821,2163,3195,3039,3075,3244,2043,2422,3972,2524,1751,3346,3942,3074,4582,2929,1942,3119,3588,1871,2422,2974,1467,2248,2491,3092,4399,1410,2390,2562,3074,3509,3634,2751,2280,3304,3721,3054,3143,2613,3277,1810,5540,3256,4875,3781,2271,2502,4640,4400,7088,4894,4384,3440,3996,2081,6170,5656,2792,1543,4009,3764,2133,3133,1744,2729,1809,2923,2477,2588,3840,2695,2404,3706,4324,4133,3910,906,1039,1750,1573,1093,703,1199,1260,902,4241,1174,2021,1776,1159,2268,3230,4023,5246,3566,0,0
Never married,1869,1230,2706,1958,359,1240,490,1107,1125,1673,2348,2234,1506,1936,1767,1627,1395,1377,1764,1419,1483,1236,1797,1213,1337,1137,1076,669,1509,1213,783,988,1027,1039,1160,1443,1609,1353,2170,2195,1546,693,776,1037,1112,1018,1609,1350,2125,1318,1065,1349,1720,1466,1355,1951,1309,663,879,885,1044,633,680,1044,1277,1167,1105,1108,595,1059,1121,881,751,1020,1151,1254,937,1335,965,2775,1245,1684,2619,2572,1346,998,583,242,764,408,498,646,434,821,891,744,783,925,720,796,606,630,523,386,1244,1912,2284,1075,1716,1626,879,820,614,1109,681,868,570,1928,824,668,388,884,1133,993,914,983,1663,2203,2636,2357,1435,773,1037,1024,1099,979,1224,1338,1952,1448,901,713,1186,1105,1393,1997,1102,776,1149,1051,1568,1128,1360,1228,641,406,693,544,469,1168,1364,578,454,1767,1435,980,897,1024,922,1410,1893,2152,1024,1207,1067,727,1499,934,995,1267,1282,1136,806,731,420,527,425,1097,775,1175,1555,589,725,198,1046,248,1076,1319,921,1333,567,1775,578,707,1065,698,1273,683,1540,716,643,974,1425,716,324,1213,1752,684,2461,859,704,1132,1667,802,898,1268,477,533,775,1220,2130,517,808,907,1289,1224,1360,1200,796,1579,1228,816,875,951,1346,759,2235,1115,1481,1034,579,526,1419,1244,1693,1222,899,1032,1050,832,1809,2187,1172,883,828,764,730,766,527,836,628,1479,703,706,1584,1220,833,1259,1482,1531,1477,493,658,959,1052,732,274,687,886,538,3343,1070,1276,1202,695,860,2163,1289,1015,1534,0,0
"Now married, except separated",462,740,603,1827,457,469,558,1241,498,904,724,1552,1004,1098,842,819,416,307,483,372,665,430,959,436,574,369,243,733,1387,324,386,277,180,469,328,887,603,559,1060,1442,749,242,597,403,180,321,282,209,388,238,148,212,468,480,828,1159,551,395,330,856,1279,859,764,1192,925,379,422,192,192,197,185,182,56,238,178,120,458,835,424,617,822,884,736,346,343,328,268,96,42,110,0,149,149,133,292,381,939,941,582,239,219,156,81,266,539,300,580,242,505,615,299,390,113,702,539,606,252,699,852,433,211,507,46,370,110,93,466,750,139,58,258,88,804,623,966,1015,927,1147,888,975,532,303,769,614,977,1282,872,992,989,445,674,626,837,963,722,719,970,453,763,649,690,302,311,1651,1051,975,918,1321,1223,1239,1910,1806,1244,1225,1252,1084,1102,1125,1157,1123,1579,1230,1119,808,540,598,525,1447,1326,1448,2125,636,2214,1235,2001,1036,2737,1316,1328,1455,1396,2250,2433,2954,2254,1173,1417,2072,1089,1975,950,912,1694,1456,1227,1553,1784,1980,1512,1694,1012,1358,1035,513,935,985,714,1117,1141,1275,1565,540,936,1323,1219,1379,1669,888,890,898,1848,1420,1542,1020,1238,806,2257,1716,2513,1993,1110,1573,2281,2540,4093,2985,2414,1936,2102,555,3131,2858,883,530,2890,2618,1015,1716,812,1538,645,1012,1236,1166,1589,1099,1108,1612,1704,1472,1454,114,156,499,162,243,294,109,209,161,374,57,361,364,182,878,695,2314,3859,1511,0,0
Divorced or separated,602,358,320,365,155,269,153,329,295,267,381,743,443,330,203,318,301,122,509,207,269,187,623,178,241,337,244,158,491,220,97,144,200,175,289,84,207,305,446,395,225,164,164,236,479,80,191,259,605,149,128,160,335,238,319,412,416,128,244,519,176,142,225,367,345,237,133,199,184,126,66,187,66,175,102,159,168,197,105,83,57,203,243,102,226,177,163,52,68,118,88,165,118,139,178,118,164,210,305,20,23,90,138,97,197,269,203,35,193,241,101,149,125,353,315,168,198,180,276,166,169,243,137,219,152,115,313,333,28,145,144,110,277,328,307,263,383,275,379,303,134,216,201,360,312,518,169,276,355,469,385,193,315,232,295,184,220,106,84,137,374,290,187,422,544,387,254,566,473,386,492,339,561,462,392,507,581,253,242,367,410,282,236,172,64,343,163,302,146,360,1282,154,166,51,393,36,542,563,228,372,402,682,305,112,394,231,416,217,238,315,328,422,568,215,146,377,279,303,341,208,172,442,665,379,462,587,208,536,427,404,482,304,317,232,505,707,524,528,437,630,349,433,439,468,572,196,717,246,613,621,395,193,566,363,940,504,433,271,629,522,896,396,551,106,200,241,307,460,283,277,308,319,317,494,580,302,333,588,755,667,718,255,200,230,273,41,81,286,146,147,510,34,379,181,248,244,287,274,248,443,0,0
Widowed,244,456,148,187,106,45,60,217,173,100,80,80,147,111,114,52,98,108,45,35,85,125,97,66,92,75,31,68,63,179,35,47,31,35,25,247,188,160,150,98,251,80,100,74,155,78,88,107,295,89,62,149,193,301,150,127,95,15,71,209,99,65,27,128,182,79,67,36,44,76,65,101,32,69,85,114,46,57,56,27,54,378,44,44,111,25,14,22,93,15,20,62,30,78,65,25,6,62,31,31,5,39,38,11,30,28,67,48,10,86,6,42,0,19,57,105,62,143,146,50,12,77,60,124,14,0,79,29,8,31,66,16,219,55,78,49,119,103,94,60,40,17,107,87,151,30,85,72,119,46,46,79,17,64,60,55,55,14,48,49,127,38,43,71,159,225,110,240,153,260,422,240,150,210,184,49,53,60,67,50,174,84,29,245,54,80,389,80,139,159,301,104,267,35,350,29,196,207,129,240,243,267,33,63,108,61,89,67,208,238,122,114,285,137,54,203,127,107,268,168,54,187,221,177,127,134,68,62,148,193,222,49,329,100,61,199,81,135,157,197,296,385,287,174,121,49,331,179,268,133,187,210,374,253,362,183,638,201,215,172,334,215,186,24,91,141,81,191,122,78,228,113,221,222,87,74,130,247,383,463,261,44,25,62,86,77,54,117,19,56,14,13,5,29,34,286,85,146,124,78,0,0
EDUCATIONAL ATTAINMENT,,,,,,,,,,,,,,,,,,,,,,,,,,,,,,,,,,,,,,,,,,,,,,,,,,,,,,,,,,,,,,,,,,,,,,,,,,,,,,,,,,,,,,,,,,,,,,,,,,,,,,,,,,,,,,,,,,,,,,,,,,,,,,,,,,,,,,,,,,,,,,,,,,,,,,,,,,,,,,,,,,,,,,,,,,,,,,,,,,,,,,,,,,,,,,,,,,,,,,,,,,,,,,,,,,,,,,,,,,,,,,,,,,,,,,,,,,,,,,,,,,,,,,,,,,,,,,,,,,,,,,,,,,,,,,,,,,,,,,,,,,,,,,,,,,,,,,,,,,,,,,
Population 25 years and over,2671,2573,2818,3630,1007,1447,1007,2438,1869,2406,2834,3404,2555,2819,2367,2408,1782,1465,2118,1631,2049,1385,2978,1433,1725,1620,1209,1350,2803,1505,978,1226,1326,1248,1599,2256,2155,1794,2748,3309,2221,987,1380,1401,1434,1312,1694,1719,2717,1523,1115,1532,2319,2110,2213,3077,1931,1097,1187,2223,2255,1507,1568,2498,2560,1449,1227,1151,810,1094,1026,1125,616,1249,1130,1090,1340,2144,1052,922,1530,2359,2414,1220,1612,1265,893,332,862,484,356,794,613,831,1108,1046,1705,1967,1426,766,603,783,682,668,1856,1818,2850,1062,2174,1990,1137,1106,694,1819,1465,1698,881,1754,1889,1163,703,1296,1230,1392,975,846,1972,2184,609,500,1110,443,1847,1543,2091,1842,2140,2223,2405,2051,1314,947,1736,1768,2142,2861,1593,1757,2172,1497,2041,1361,2181,2328,1673,1332,1736,1034,1225,1403,1973,894,759,3256,2615,2301,1691,2964,2513,2945,4032,3806,2600,2596,2536,2074,2586,1758,1923,2505,3136,2426,1903,1827,903,1417,1344,2426,2073,2417,4835,1297,3061,1379,3190,1152,4380,2658,2173,2846,2341,4402,2969,3319,3431,1876,2836,2776,2391,3023,1798,2089,3401,2045,1653,2788,3334,2714,4094,2539,1672,2702,3213,1716,2150,2691,1333,2132,2338,2896,3849,1268,2152,2356,2591,3122,3306,2452,1857,2978,3152,2825,2908,2431,2827,1432,4967,2979,4458,3363,1947,2334,3847,3885,6330,4399,3972,2996,3566,1847,5505,4817,2361,1238,3571,3214,1920,2773,1614,2361,1688,2626,2128,2376,3739,2281,2161,3410,4099,3751,3567,679,872,1459,1194,775,560,1022,966,749,3105,187,1637,1400,1071,2076,2505,3443,4636,3276,0,0
Less than high school graduate,398,222,408,238,39,87,62,116,154,230,341,469,357,373,131,129,268,196,366,315,489,136,330,216,218,389,135,98,286,407,147,255,128,212,516,385,264,407,335,211,447,80,149,263,183,66,400,127,717,194,94,339,605,580,128,194,404,56,95,73,97,43,11,128,223,282,93,200,141,214,186,177,97,166,168,114,56,176,15,12,111,52,31,13,132,156,74,45,31,131,96,143,224,199,169,131,40,12,49,222,144,161,118,52,69,35,165,0,106,63,0,129,72,93,99,12,57,40,80,41,66,277,133,247,292,70,9,53,73,131,231,125,820,742,536,548,589,889,911,826,367,265,573,895,822,1035,638,670,791,689,666,572,74,122,32,23,46,26,188,687,897,370,148,620,307,188,222,86,213,370,407,275,145,626,651,200,541,743,693,238,223,111,67,121,66,185,207,346,210,268,782,162,86,32,99,25,235,105,131,57,34,244,81,7,43,16,42,13,67,72,15,184,63,16,0,56,123,25,101,19,40,122,452,115,137,168,99,193,98,236,185,155,199,124,149,217,228,211,162,295,206,16,91,114,154,46,353,227,193,185,80,40,258,68,240,182,381,138,155,34,318,232,242,21,253,65,147,182,58,126,158,148,114,154,124,260,205,182,246,231,105,119,131,67,328,67,88,227,149,192,339,51,182,219,267,8,55,175,267,17,0,0
High school graduate (includes equivalency),994,766,935,1228,222,568,313,835,801,910,1400,1157,823,821,1018,1023,737,873,678,850,660,597,860,758,679,747,711,414,1460,396,412,404,718,531,510,798,887,659,1003,912,642,364,506,507,520,745,608,699,878,552,590,659,773,893,743,932,513,375,305,536,424,200,180,491,1157,468,325,410,421,544,461,428,284,610,574,602,212,412,97,33,114,343,193,66,147,184,284,110,404,151,175,340,214,337,355,206,335,447,179,228,172,361,373,96,207,254,519,206,354,178,83,375,286,507,182,413,223,343,680,348,235,501,619,456,337,175,300,212,252,101,400,57,665,397,787,741,811,602,819,860,506,322,741,584,700,1052,546,764,829,476,731,369,776,249,186,201,335,217,263,274,708,287,305,1008,763,806,544,1095,697,824,1134,1826,907,678,669,808,696,697,519,409,780,355,601,472,272,573,577,1046,377,718,1620,489,249,71,263,87,1001,597,678,476,297,410,222,131,247,157,130,113,345,694,187,305,565,184,76,302,513,258,574,302,127,976,939,677,744,869,440,771,721,654,936,371,601,969,673,1047,1184,611,608,1169,1010,670,1182,1217,754,384,1620,876,1164,653,514,390,891,650,1118,1184,1178,659,1239,677,1629,898,497,352,935,789,425,865,606,821,665,1012,983,673,1181,866,871,1289,1235,1287,651,132,258,324,336,186,163,313,444,197,870,27,475,401,304,151,173,968,837,212,0,0
Some college or associate's degree,775,704,721,1175,252,543,301,499,503,909,693,1333,890,898,726,981,538,349,890,397,642,470,1470,374,678,359,284,511,775,533,353,484,367,392,454,761,673,500,866,1504,702,352,517,285,466,421,583,809,594,421,322,437,774,511,891,1035,651,304,382,798,541,334,452,654,592,587,353,414,180,265,301,468,149,369,262,352,396,478,208,99,328,409,615,374,608,283,268,135,340,182,76,274,146,258,381,373,633,394,421,275,162,174,148,188,531,469,748,305,368,302,213,309,291,633,398,363,278,589,638,448,179,406,304,366,300,359,438,400,127,155,230,158,280,275,498,429,480,372,531,307,229,259,190,166,498,628,337,258,335,177,503,374,328,827,408,213,420,253,361,265,266,213,198,657,1112,744,618,1188,838,1022,1455,1096,737,985,813,649,788,202,413,799,823,628,473,695,263,486,343,552,552,727,1259,387,562,131,599,157,1389,506,802,875,345,1081,236,148,685,294,406,241,301,885,368,582,816,371,262,563,679,453,1006,533,471,925,758,409,476,917,409,559,853,1030,1230,496,815,668,1057,1058,1031,674,729,962,858,795,731,549,1158,409,1892,836,1432,1031,624,599,1094,1124,2021,1327,789,631,798,636,1704,1315,894,251,1200,957,632,938,451,746,504,669,676,593,1122,803,749,1115,1170,1317,828,312,284,546,314,270,133,365,302,263,698,21,409,329,191,239,479,684,1304,416,0,0
Bachelor's degree,300,488,583,509,383,182,248,641,260,296,283,315,308,292,431,167,67,30,157,59,243,157,159,68,109,83,61,231,162,108,48,69,69,94,67,224,252,163,474,470,230,148,110,195,173,62,69,84,321,307,51,86,167,81,256,631,204,284,295,604,897,591,590,811,416,91,248,115,68,33,49,49,61,44,111,10,487,622,374,287,427,800,1128,492,508,457,84,34,65,0,0,15,19,2,132,244,462,702,505,23,90,45,40,204,648,802,981,275,957,880,566,234,36,373,496,541,177,540,367,262,188,78,116,215,28,175,810,935,102,28,168,36,69,88,169,104,179,121,100,24,167,70,150,110,113,80,37,27,191,155,125,19,732,697,563,588,612,335,324,169,98,24,63,520,261,379,211,398,603,567,814,436,578,207,313,351,338,94,215,650,894,737,512,390,236,102,198,429,372,489,909,182,1284,394,1315,450,1257,1147,361,815,1026,1559,1161,1240,1371,697,1025,1180,636,911,705,481,1343,932,791,1233,1340,866,1353,834,707,602,753,333,574,618,307,433,418,794,917,191,450,467,492,654,678,778,261,414,699,740,674,347,501,387,733,813,1202,1114,599,722,1129,1472,1977,1289,976,989,979,344,1240,1689,524,399,865,904,495,566,254,517,311,667,282,642,1127,145,206,711,1041,672,1201,114,26,271,179,152,100,79,56,75,576,52,475,248,178,769,1072,934,1496,1344,0,0
Graduate or professional degree,204,393,171,480,111,67,83,347,151,61,117,130,177,435,61,108,172,17,27,10,15,25,159,17,41,42,18,96,120,61,18,14,44,19,52,88,79,65,70,212,200,43,98,151,92,18,34,0,207,49,58,11,0,45,195,285,159,78,110,212,296,339,335,414,172,21,208,12,0,38,29,3,25,60,15,12,189,456,358,491,550,755,447,275,217,185,183,8,22,20,9,22,10,35,71,92,235,412,272,18,35,42,3,128,401,258,437,276,389,567,275,59,9,213,290,369,146,242,124,64,35,34,58,108,18,67,415,584,55,85,81,67,13,41,101,20,81,239,44,34,45,31,82,13,9,66,35,38,26,0,16,27,271,433,484,307,323,203,89,8,4,0,45,451,172,184,96,197,162,162,222,173,233,100,90,66,223,22,83,409,416,595,250,149,66,71,19,53,562,215,265,77,880,751,914,433,498,303,201,623,639,1108,1269,1793,1085,712,1233,1229,1042,461,523,537,614,542,524,634,679,1112,1060,851,327,77,311,182,219,119,78,176,248,182,581,55,87,128,220,146,185,178,97,138,379,604,230,204,260,206,369,227,467,380,130,583,475,571,974,417,648,579,395,156,614,683,204,215,318,499,221,222,245,151,50,130,73,314,185,207,130,113,407,244,782,2,173,251,37,100,76,38,15,22,622,36,96,203,131,909,726,682,732,1287,0,0
INDIVIDUAL INCOME IN THE PAST 12 MONTHS (IN 2023 INFLATION-ADJUSTED DOLLARS),,,,,,,,,,,,,,,,,,,,,,,,,,,,,,,,,,,,,,,,,,,,,,,,,,,,,,,,,,,,,,,,,,,,,,,,,,,,,,,,,,,,,,,,,,,,,,,,,,,,,,,,,,,,,,,,,,,,,,,,,,,,,,,,,,,,,,,,,,,,,,,,,,,,,,,,,,,,,,,,,,,,,,,,,,,,,,,,,,,,,,,,,,,,,,,,,,,,,,,,,,,,,,,,,,,,,,,,,,,,,,,,,,,,,,,,,,,,,,,,,,,,,,,,,,,,,,,,,,,,,,,,,,,,,,,,,,,,,,,,,,,,,,,,,,,,,,,,,,,,,,
Population 15 years and over,3177,2784,3777,4337,1077,2023,1261,2894,2091,2944,3533,4609,3100,3475,2926,2816,2210,1914,2801,2033,2502,1978,3476,1893,2244,1918,1594,1628,3450,1936,1301,1456,1438,1718,1802,2661,2607,2377,3826,4130,2771,1179,1637,1750,1926,1497,2170,1925,3413,1794,1403,1870,2716,2485,2652,3649,2371,1201,1524,2469,2598,1699,1696,2731,2729,1862,1727,1535,1015,1458,1437,1351,905,1502,1516,1647,1609,2424,1550,3502,2178,3149,3642,3064,2026,1528,1028,412,967,651,606,1022,731,1171,1426,1268,1892,2138,1638,1086,853,915,780,760,2010,2509,3134,1400,2424,2568,1285,1401,852,2183,1592,1747,1082,2950,2098,1317,780,1711,1376,1706,1190,1191,2521,3315,2811,2591,1903,987,2337,2030,2450,2306,2653,2863,3313,2786,1607,1249,2263,2166,2833,3827,2228,2116,2612,2011,2673,2026,2529,2487,1718,1364,1938,1117,1364,2003,2555,1208,995,3911,3189,2567,2179,3151,2771,3295,4717,4537,2979,3104,2895,2367,3235,2372,2461,2807,3445,2732,2190,1956,1078,1548,1502,2926,2386,3142,5263,1483,3372,1519,3790,1349,4551,3405,2606,3400,2608,4974,3349,3836,3821,2163,3195,3039,3075,3244,2043,2422,3972,2524,1751,3346,3942,3074,4582,2929,1942,3119,3588,1871,2422,2974,1467,2248,2491,3092,4399,1410,2390,2562,3074,3509,3634,2751,2280,3304,3721,3054,3143,2613,3277,1810,5540,3256,4875,3781,2271,2502,4640,4400,7088,4894,4384,3440,3996,2081,6170,5656,2792,1543,4009,3764,2133,3133,1744,2729,1809,2923,2477,2588,3840,2695,2404,3706,4324,4133,3910,906,1039,1750,1573,1093,703,1199,1260,902,4241,1174,2021,1776,1159,2268,3230,4023,5246,3566,0,0
"$1 to $9,999 or loss",365,196,500,281,93,306,130,262,108,119,453,394,449,269,313,335,569,239,88,281,438,221,477,291,384,189,246,281,595,93,172,163,145,322,149,293,299,284,434,331,268,118,137,168,122,235,226,165,830,152,144,152,476,453,455,550,162,138,130,296,231,128,175,278,259,200,129,118,217,151,185,193,259,248,109,301,180,214,211,1589,260,527,495,673,258,203,54,73,103,186,202,108,143,164,180,151,188,48,156,118,145,166,39,108,90,253,299,83,207,383,55,205,305,223,51,86,134,691,128,43,92,285,225,260,220,77,330,580,1252,1323,608,255,415,235,217,291,292,353,431,324,163,239,115,279,562,382,273,196,255,334,287,292,195,141,61,109,71,84,180,411,227,206,116,304,462,291,199,134,393,351,333,596,213,306,391,204,349,262,333,229,348,225,269,140,98,139,150,261,251,403,428,145,398,149,386,103,285,361,222,327,208,340,440,386,443,278,310,284,329,291,249,227,413,446,96,404,432,353,320,228,184,132,531,120,262,218,167,214,159,244,419,96,180,189,268,272,172,143,364,301,519,204,309,247,216,116,517,305,403,311,214,230,575,501,454,367,312,227,335,220,632,523,159,98,360,349,162,323,157,219,151,193,188,295,289,276,346,400,441,414,481,84,281,202,243,164,142,192,294,139,483,631,371,330,194,131,179,321,530,200,0,0
"$10,000 to $14,999",705,238,362,233,32,186,93,97,139,232,352,645,342,164,214,343,204,281,464,196,282,370,477,68,289,277,242,135,394,202,309,154,221,103,224,306,180,296,212,395,262,64,173,257,261,129,353,359,370,222,220,310,620,507,81,279,265,217,114,145,123,61,100,89,175,184,149,246,113,418,262,199,125,330,129,341,123,252,131,493,124,259,200,355,152,124,168,88,99,43,58,187,103,183,166,78,59,88,122,121,128,114,97,42,107,186,187,121,309,312,25,173,69,152,126,96,58,169,61,123,103,217,232,229,135,139,117,277,466,254,253,141,269,316,139,356,211,264,568,444,247,126,389,323,368,364,128,207,145,184,328,212,92,121,41,27,75,52,91,162,367,108,49,403,235,139,52,221,168,139,184,346,170,375,358,136,103,137,140,129,150,100,95,241,60,141,157,211,89,130,294,120,116,51,131,52,265,304,209,312,147,424,87,90,167,84,113,103,603,239,78,129,197,60,59,192,181,109,182,126,74,432,257,277,104,111,88,172,218,252,311,93,274,104,262,198,263,197,105,293,121,189,177,149,164,44,370,187,222,89,65,120,175,149,529,194,248,53,132,79,215,324,89,55,223,85,146,226,53,135,208,293,261,68,314,169,146,233,448,104,190,153,57,80,148,44,86,299,210,154,256,152,100,153,177,94,256,182,126,70,0,0
"$15,000 to $24,999",340,430,509,225,97,144,136,275,252,479,479,469,627,403,464,481,490,354,196,182,267,427,568,232,256,216,201,286,252,208,169,305,401,187,281,226,545,320,641,309,385,132,269,215,245,164,492,199,453,219,285,184,353,335,320,667,260,102,215,245,193,153,194,312,358,351,169,196,181,256,247,289,78,279,261,127,125,201,224,219,186,453,635,437,210,184,310,89,197,143,34,180,150,140,190,266,99,237,220,79,2,144,175,96,209,311,469,210,92,123,154,180,71,210,117,180,150,388,220,152,192,343,131,196,187,110,315,222,228,223,295,132,360,211,492,306,279,453,460,351,166,200,246,530,458,801,280,320,483,277,433,258,325,182,117,86,235,111,212,230,424,155,119,377,275,307,164,393,299,447,659,367,223,298,386,247,350,231,285,268,434,235,134,208,57,143,188,591,182,342,773,224,223,88,316,49,419,304,179,252,204,586,179,134,199,156,261,166,228,211,137,238,392,121,95,150,180,205,199,277,113,235,484,135,205,236,88,220,133,237,336,194,299,188,226,266,397,397,252,327,430,271,296,156,295,189,383,237,354,336,229,227,387,347,669,286,409,433,400,311,542,511,480,198,339,314,248,236,141,271,294,357,274,346,433,191,245,366,596,339,330,117,123,229,273,99,114,229,135,187,220,24,49,234,163,134,500,274,459,240,0,0
"$25,000 to $34,999",220,373,328,380,71,247,187,164,176,303,390,331,276,418,305,317,145,263,312,218,371,165,340,246,385,273,181,179,804,485,138,243,163,72,232,432,275,276,413,778,296,138,229,201,331,498,208,346,309,378,88,350,296,172,310,420,186,101,150,239,298,127,86,337,566,255,163,107,166,86,180,152,107,103,294,106,206,280,186,87,126,398,354,302,238,103,43,52,62,0,51,151,33,81,67,168,157,111,182,191,149,82,42,76,263,281,344,124,260,73,83,165,62,211,256,267,168,255,247,174,90,337,144,228,133,148,285,237,140,72,175,128,359,260,281,246,653,365,571,232,287,205,310,219,180,591,285,214,327,387,298,370,239,296,186,82,141,55,87,96,501,83,56,299,404,214,197,457,242,457,789,689,453,388,286,332,360,419,407,373,423,304,159,92,168,203,420,326,272,295,595,106,308,85,176,99,522,188,358,330,244,393,110,111,252,106,139,193,240,318,147,169,384,123,94,212,284,182,401,121,82,547,427,175,399,317,132,175,250,405,614,164,312,493,165,587,479,225,282,463,343,283,457,476,387,193,862,312,413,322,258,191,460,323,627,314,400,250,269,262,654,528,314,130,316,317,131,295,182,385,158,247,502,217,890,461,363,197,285,261,335,72,67,238,245,152,73,102,287,70,252,44,180,152,110,223,327,387,192,94,0,0
"$35,000 to $49,999",277,486,707,599,143,259,140,290,474,490,642,828,517,590,268,444,224,258,520,498,425,335,448,397,179,310,150,106,548,306,187,261,185,238,429,279,417,335,620,715,441,187,259,309,264,170,265,462,334,235,202,249,162,206,481,654,503,229,315,433,253,198,216,344,246,254,246,287,134,120,300,229,95,112,138,172,394,327,225,79,210,312,377,306,387,319,58,44,236,94,15,125,30,226,197,174,274,372,199,192,79,136,103,107,379,268,359,174,395,215,198,222,95,350,205,306,125,363,382,204,40,274,151,161,169,178,185,302,77,61,181,143,166,424,445,404,410,357,385,267,129,75,360,205,499,497,522,325,404,233,298,234,528,322,163,131,274,234,161,227,373,217,255,738,591,681,432,494,380,590,779,663,283,396,547,488,640,376,415,312,431,283,344,375,140,407,152,408,182,608,630,259,253,69,328,92,655,328,268,320,279,543,182,256,320,185,398,155,170,507,161,427,468,240,229,347,562,306,789,349,246,508,606,354,529,533,233,342,361,551,882,288,238,488,528,593,745,425,311,655,449,459,407,472,531,235,1062,461,1230,564,288,182,628,818,625,655,376,402,455,269,771,862,232,206,651,337,397,589,361,367,419,755,484,366,602,386,419,564,569,667,264,69,217,245,212,127,74,62,101,121,211,11,430,161,133,187,325,428,519,189,0,0
"$50,000 to $64,999",268,275,217,647,205,291,199,350,356,509,281,750,236,357,362,185,102,74,196,258,265,153,306,112,156,118,105,209,316,167,55,11,200,159,137,175,188,384,244,467,254,175,82,140,173,111,255,68,328,176,159,84,100,104,355,462,489,91,183,415,347,218,207,363,247,192,243,116,47,67,44,24,97,107,35,85,172,423,35,100,273,321,455,233,317,214,164,26,48,54,32,39,38,91,98,187,218,477,170,108,57,59,87,60,272,418,520,276,263,170,123,103,30,374,217,245,203,284,369,225,115,31,131,118,131,116,236,362,46,57,87,11,120,148,214,84,180,226,84,243,156,72,152,98,133,226,213,279,166,64,157,79,199,276,213,152,294,161,105,176,212,135,109,449,347,352,258,511,352,544,648,539,630,290,263,279,418,248,208,474,702,448,356,383,150,206,143,254,528,276,831,161,288,79,438,74,956,603,174,491,495,671,313,295,576,491,454,260,402,480,291,221,402,142,214,554,473,285,536,342,202,383,531,104,181,475,290,341,376,309,498,213,312,301,582,347,508,289,276,461,452,486,417,382,441,258,804,609,669,687,314,266,581,478,660,659,527,542,623,265,703,456,384,306,425,278,322,523,287,334,146,318,310,345,620,326,410,634,689,730,659,91,98,257,60,136,40,87,24,46,492,13,141,189,59,349,378,397,403,613,0,0
"$65,000 to $74,999",179,148,175,261,103,55,50,206,90,109,171,142,44,179,41,146,19,41,106,22,56,0,131,25,132,30,89,39,44,8,44,14,10,25,36,172,92,34,235,141,167,40,113,100,11,5,168,44,212,9,28,18,96,41,126,54,104,77,67,271,209,134,187,271,118,39,45,38,6,25,0,27,6,23,31,9,98,173,77,30,57,138,136,47,72,64,19,5,22,0,13,22,28,7,35,44,71,111,113,15,0,0,23,33,96,121,113,107,135,128,136,62,64,83,124,127,31,128,64,67,0,52,52,93,8,73,331,108,0,0,0,10,48,6,100,26,27,132,63,8,41,43,9,38,0,100,31,31,51,0,110,17,243,288,190,47,106,75,95,54,63,11,13,159,80,146,122,163,164,173,242,63,211,131,107,99,183,52,95,169,200,218,138,138,63,94,59,155,107,97,242,73,89,45,303,33,302,256,90,229,152,231,111,109,307,112,251,204,77,170,142,99,289,59,104,213,140,209,322,176,133,156,237,94,109,290,69,263,313,222,315,48,210,147,250,347,297,192,192,140,263,176,135,266,428,154,321,221,250,264,195,152,383,374,528,294,316,221,305,213,301,467,135,163,181,239,144,139,98,217,0,165,58,196,203,113,135,348,245,250,365,25,24,114,26,74,0,30,0,20,195,16,78,117,31,164,257,147,409,258,0,0
"$75,000 or more",353,419,289,1138,271,142,218,804,178,347,194,317,182,371,366,271,210,28,470,79,80,71,338,90,127,104,87,192,138,164,42,55,33,46,94,298,193,145,414,384,210,149,178,195,113,51,22,54,201,199,91,94,37,129,222,296,180,197,140,292,762,531,454,686,174,41,135,93,14,94,17,54,58,53,100,0,229,383,388,471,747,559,632,262,265,206,99,6,5,9,0,18,24,6,70,103,497,626,398,32,56,32,11,197,479,442,584,278,612,1011,459,94,23,264,453,301,147,349,383,240,76,75,102,190,11,169,620,837,0,52,37,25,87,67,211,141,168,55,131,49,64,95,66,79,115,141,145,111,141,22,41,102,569,750,695,677,575,312,259,126,34,57,60,590,485,212,326,465,699,394,801,711,481,445,217,220,280,136,126,688,561,774,524,216,160,81,178,77,508,612,905,190,1366,823,1497,592,924,670,749,880,771,1006,1708,1909,1267,602,1142,1392,799,706,701,760,1101,1099,771,951,1385,1264,1230,1047,717,397,291,349,351,516,256,437,526,628,773,223,380,474,523,630,516,594,396,335,811,779,599,352,523,346,988,653,957,896,546,953,1010,1186,2095,1693,1443,928,1276,342,1960,1519,642,304,1350,1397,418,595,316,548,294,312,287,612,398,332,256,637,686,1052,1057,125,52,208,51,79,74,85,41,28,788,17,358,260,203,931,976,1200,1829,1818,0,0
Median income (dollars),22860,35665,28153,52724,54358,33172,40511,59250,43769,44109,30845,37917,24162,37124,30729,27297,20303,22169,38191,34545,28615,22674,25498,29109,27646,28875,21305,25423,26526,29561,20895,24234,22885,23889,30287,31708,29911,31368,30950,34587,31640,40229,31029,32019,28316,28568,23008,30716,20819,29296,22277,26018,14738,15245,35124,29223,42728,37045,37868,45712,53241,57357,52139,49495,27385,25605,42522,27066,18443,16250,21589,21096,18250,16201,25836,13923,37737,41128,34351,9483,54705,30462,32941,21869,37460,39403,19363,18313,24409,18711,10057,19646,18199,21974,23309,29268,50313,56567,41196,31128,27230,23133,24160,40927,46995,41438,37388,46673,44129,59040,63880,26507,-,41145,51250,42571,34904,27695,41508,44048,22371,24371,22283,27431,19589,37917,48628,39879,8219,7253,12850,16472,23366,29828,29836,24492,30522,25797,22713,20717,26343,24185,28267,19831,19430,25034,32265,31622,28732,23013,22340,25581,45523,55980,69583,75881,54375,50395,39063,22349,28494,26214,38689,38389,35853,39316,41990,38455,44764,38678,40664,34829,49537,31821,30645,36711,40755,31695,31149,50625,42837,53767,50215,46104,42841,37275,29677,27484,52174,40478,40520,36642,60669,102917,66420,80750,50372,50364,47434,52720,57582,46235,84053,87391,60318,57823,56875,75993,38125,47337,55217,47470,49454,66413,70426,58014,56278,66650,53914,60564,62802,36828,34690,40371,40302,47825,47321,46711,52176,42305,39562,39763,36616,41262,47425,43462,41585,47593,38664,37517,47654,50329,38750,41618,45505,49758,43687,49623,42961,52009,50016,59859,46070,49372,52927,58915,55189,54057,57125,39090,51913,47921,46543,51762,50768,63036,45845,43028,44269,44222,36935,40527,33844,45756,32194,36119,36485,49091,39872,53250,53436,28125,24933,39276,24283,31958,21372,17131,18578,19021,50619,5414,41294,27411,25089,64521,50238,51863,65750,77891,-,-
POVERTY STATUS IN THE PAST 12 MONTHS,,,,,,,,,,,,,,,,,,,,,,,,,,,,,,,,,,,,,,,,,,,,,,,,,,,,,,,,,,,,,,,,,,,,,,,,,,,,,,,,,,,,,,,,,,,,,,,,,,,,,,,,,,,,,,,,,,,,,,,,,,,,,,,,,,,,,,,,,,,,,,,,,,,,,,,,,,,,,,,,,,,,,,,,,,,,,,,,,,,,,,,,,,,,,,,,,,,,,,,,,,,,,,,,,,,,,,,,,,,,,,,,,,,,,,,,,,,,,,,,,,,,,,,,,,,,,,,,,,,,,,,,,,,,,,,,,,,,,,,,,,,,,,,,,,,,,,,,,,,,,,
Population 1 year and over for whom poverty status is determined,4586,3378,5466,5922,1256,2875,1604,3718,2720,4081,4547,5520,3561,4356,4347,3605,2549,3052,3882,2758,3301,2554,4275,2502,3073,2630,1997,2146,4289,2529,2194,1894,2017,2085,2338,3831,3743,2845,4775,5258,3375,1443,2166,2420,2238,2450,2996,2729,4164,2078,1638,2796,3702,3211,3430,4586,3042,1441,1689,2783,3179,1954,2132,3556,3477,2751,2213,2185,1276,1757,2226,1800,1000,1916,1975,2201,2076,2760,1686,1388,2459,3049,3779,3135,1919,1639,1200,614,1358,800,700,1365,1170,1694,1767,1548,2487,2515,1964,1603,1101,1291,1004,925,2278,2231,3199,1427,2463,2248,1453,2086,892,2544,1863,2096,1025,2528,2856,1720,836,2428,1502,1864,1322,1782,2566,2848,1666,1638,1823,987,3284,2544,3234,3198,3453,3886,4840,3819,2160,1970,3060,2760,4027,5220,2720,2850,3794,2788,3664,2662,2811,2788,1918,1584,2215,1298,1785,3016,2972,1540,1342,4838,3508,3063,2663,3602,3319,3727,5990,5683,3645,3935,3713,3313,4126,3383,3435,3191,3954,3175,2590,2296,1356,1894,1740,3810,2916,3901,5910,1839,4215,2075,4433,1634,5647,3776,2966,3860,3202,5543,4392,5045,5144,2667,3756,3733,3377,3820,2422,3166,4301,3169,2089,3760,4565,3866,5303,3452,2299,3996,4274,2120,2870,3256,1763,2771,2901,3600,4970,1600,2755,2911,3657,4415,4316,3329,2565,4040,4224,3607,3621,3060,3793,2221,6359,3819,5397,4642,2759,3098,5729,5662,9036,5941,5066,3821,4644,2260,7433,6853,3084,1791,5004,4765,2464,3901,2141,3180,1901,3369,3064,2918,4336,3678,2755,4108,4947,4328,4410,1103,1313,2167,2629,1379,936,1673,1980,1109,2774,304,2177,2026,1374,2113,3449,4094,6843,3592,0,0
Below 100 percent of the poverty level,2043,350,2096,771,52,1037,185,292,406,392,1223,487,526,652,1192,648,488,1531,763,830,664,597,837,703,811,1053,711,428,1130,387,857,829,608,725,470,1008,1632,347,992,1377,798,280,154,353,522,848,701,625,1012,536,500,961,1168,1300,715,579,390,148,235,256,242,92,174,148,1403,944,526,705,379,831,899,616,200,717,581,1219,432,444,327,260,433,521,821,1484,237,276,490,255,425,258,474,588,736,569,650,271,499,114,218,264,347,595,352,101,280,369,734,194,618,401,192,626,372,293,129,225,89,502,518,247,253,896,687,764,549,862,473,611,1342,1296,1036,480,1515,607,410,838,612,1129,1636,1604,668,933,865,769,1537,1378,248,728,657,995,1589,1033,221,222,62,44,86,53,228,1197,328,465,258,1075,713,393,214,402,181,365,709,1033,251,456,704,778,884,499,764,304,401,150,158,208,74,268,183,1565,294,163,361,395,203,23,147,61,271,454,328,465,182,754,109,197,252,413,315,200,894,302,116,121,323,56,53,175,179,27,628,186,159,332,662,350,469,242,175,265,252,681,384,197,348,110,406,280,483,363,132,648,507,179,487,288,413,78,427,139,397,194,92,144,750,254,676,185,209,253,234,106,273,137,462,108,194,88,281,288,213,53,340,732,582,54,631,382,309,736,1096,297,462,246,438,398,1201,236,387,793,1125,467,704,204,774,607,445,143,427,378,722,176,0,0
100 to 149 percent of the poverty level,747,371,1204,375,60,192,155,42,412,393,876,383,641,295,677,429,333,573,665,381,442,674,399,384,749,358,349,240,574,248,459,341,449,114,246,266,130,252,549,325,542,130,283,357,146,560,703,938,354,212,253,859,1325,905,436,768,187,171,91,85,32,19,80,530,220,357,168,474,134,61,663,303,108,465,516,680,259,221,176,110,52,242,552,253,89,193,113,73,193,246,145,180,106,457,392,161,428,28,116,287,345,258,101,153,164,228,409,100,83,90,206,220,137,494,38,275,23,345,152,127,81,312,36,129,160,164,159,139,99,97,169,93,451,518,432,665,706,458,1113,811,346,321,492,924,934,1205,429,334,1070,847,429,278,105,212,33,52,71,23,438,416,271,307,292,341,217,267,49,327,371,170,351,614,241,613,465,135,264,984,732,234,447,275,306,208,90,175,208,262,122,543,769,288,70,8,109,24,129,112,423,185,174,223,36,16,280,15,88,61,118,333,65,557,254,52,51,21,204,51,215,58,94,387,403,295,271,222,99,63,21,65,284,131,102,43,133,375,292,421,340,161,121,38,110,142,117,160,212,46,124,358,39,277,160,425,472,47,328,181,54,254,430,437,346,157,282,179,81,182,150,166,56,248,34,230,307,566,241,112,118,192,195,297,308,412,393,52,81,464,359,61,111,10,42,307,257,56,377,124,75,100,0,0
At or above 150 percent of the poverty level,1796,2657,2166,4776,1144,1646,1264,3384,1902,3296,2448,4650,2394,3409,2478,2528,1728,948,2454,1547,2195,1283,3039,1415,1513,1219,937,1478,2585,1894,878,724,960,1246,1622,2557,1981,2246,3234,3556,2035,1033,1729,1710,1570,1042,1592,1166,2798,1330,885,976,1209,1006,2279,3239,2465,1122,1363,2442,2905,1843,1878,2878,1854,1450,1519,1006,763,865,664,881,692,734,878,302,1385,2095,1183,1018,1974,2286,2406,1398,1593,1170,597,286,740,296,81,597,328,668,725,1116,1560,2373,1630,1052,409,438,551,671,1834,1634,2056,1133,1762,1757,1055,1240,383,1757,1696,1596,913,1681,2186,1346,502,1220,779,971,613,756,1934,2098,225,245,618,414,1318,1419,2392,1695,2135,2299,2091,1404,1146,716,1703,1067,1556,2637,2043,1788,2067,946,1646,1351,2485,2354,1823,1488,2058,1222,1119,1403,2373,768,792,3422,2578,2403,2400,2873,2767,3192,4930,4036,3153,2866,2544,2400,2978,1900,1939,2653,3106,2750,2126,1880,1192,1451,1349,1983,2500,3195,4780,1156,3942,2044,4177,1549,5247,3210,2215,3210,2846,4566,4247,4832,4612,2239,3353,3472,2365,3185,2241,2488,3724,3061,1985,3564,4182,3788,4460,3208,2046,3277,3209,1475,2130,2792,1489,2443,2628,2854,4302,1272,2305,2758,3118,3760,3541,2545,2093,3231,3596,3390,3024,2630,3263,1983,5720,3634,4876,4090,2628,2677,4819,4983,7888,5709,4529,3387,4356,1900,6730,6279,2276,1526,4528,4498,2102,3431,1778,2961,1505,2389,2448,2634,3398,2730,2205,3260,3733,3839,3753,560,567,1357,1035,1091,468,416,496,581,1959,90,1361,1112,672,1914,2645,3592,6046,3316,0,0
HOUSING TENURE,,,,,,,,,,,,,,,,,,,,,,,,,,,,,,,,,,,,,,,,,,,,,,,,,,,,,,,,,,,,,,,,,,,,,,,,,,,,,,,,,,,,,,,,,,,,,,,,,,,,,,,,,,,,,,,,,,,,,,,,,,,,,,,,,,,,,,,,,,,,,,,,,,,,,,,,,,,,,,,,,,,,,,,,,,,,,,,,,,,,,,,,,,,,,,,,,,,,,,,,,,,,,,,,,,,,,,,,,,,,,,,,,,,,,,,,,,,,,,,,,,,,,,,,,,,,,,,,,,,,,,,,,,,,,,,,,,,,,,,,,,,,,,,,,,,,,,,,,,,,,,
Population 1 year and over in housing units,4544,3359,5497,5990,1235,2867,1603,3702,2728,4065,4490,5606,3561,4365,4339,3600,2541,3109,3870,2754,3291,2549,4328,2502,3005,2638,1993,2137,4284,2537,2188,1889,2009,2073,2317,3823,3738,2819,4733,5243,3368,1448,2157,2433,2229,2445,2990,2710,4322,2070,1635,2867,3845,3199,3417,4617,3036,1434,1693,2778,3179,1978,2124,3553,3468,2753,2210,2203,1274,1757,2226,1800,1019,1914,1992,2248,2076,2771,1695,1388,2459,3025,3738,3125,1917,1639,1200,614,1336,798,700,1364,1170,1713,1772,1514,2491,2515,1964,1621,1092,1291,977,925,2273,2226,3199,1421,2463,2248,1453,2106,882,2538,1867,2091,1013,2520,2847,1720,832,2422,1308,1838,1329,1782,2560,2785,1545,1562,1796,987,3281,2544,3226,3198,3445,3745,4805,3841,2115,1970,3055,2755,4082,5214,2723,2848,3809,2788,3662,2657,2806,2788,1918,1584,2230,1298,1785,3013,2972,1540,1342,4822,3458,3044,2644,3600,3313,3760,5994,5685,3636,3909,3699,3313,4273,3402,3430,3191,3949,3197,2584,2309,1356,1894,1745,3806,2913,3966,5878,1833,4178,2075,4407,1634,5608,3765,2948,3835,3190,5604,4421,5042,5144,2667,3756,3733,3377,3784,2411,3164,4266,3169,2089,3769,4565,3866,5293,3436,2303,4074,4310,2137,2767,3251,1760,2766,2877,3641,4923,1590,2749,2923,3649,4410,4358,3322,2549,4025,4185,3588,3609,3137,3822,2216,6335,3831,5397,4637,2767,3103,5708,5669,9018,5905,5058,3802,4636,2260,7441,6918,3119,1786,4967,4775,2464,3897,2140,3177,1850,3342,3064,2918,4325,3673,2744,4112,4713,4335,4382,1103,1313,2182,2611,1377,930,1564,1972,1003,2769,301,2138,2035,1304,2113,3449,4094,6824,3540,0,0
Householder lived in owner-occupied housing units,1203,1610,933,3383,1171,875,845,3535,726,1345,1386,3184,1879,1691,1592,1681,1036,435,906,711,1422,827,1623,716,1020,781,740,1077,1107,568,781,764,491,874,1136,2106,1800,1500,2314,2419,1795,743,1747,1166,879,442,910,679,1464,353,601,678,1034,963,1847,2175,1409,1048,1107,2123,2727,1457,1381,2155,2080,590,1084,709,424,524,523,535,774,693,745,324,786,1328,740,1041,1398,657,657,387,715,507,290,106,553,202,314,478,375,356,558,768,1586,1824,1264,844,540,408,397,348,1020,524,726,334,707,283,555,892,217,1133,1170,1037,748,924,1810,942,325,646,54,590,102,60,582,420,29,0,174,173,1361,734,1062,1424,1731,1632,1360,846,650,412,770,1138,1500,1955,1538,1961,2173,1043,1108,953,936,1229,1452,1249,1303,867,1356,1224,1621,599,723,2795,1701,2359,2324,1990,2551,2544,3436,3415,2324,1606,2286,2806,3344,1966,1937,2278,2731,2363,1740,1838,942,1310,662,677,2199,3260,4941,1010,3808,2051,3454,1510,4721,2191,1909,2563,2884,3771,3843,4936,3723,1342,2063,3196,1381,2877,2065,1641,2864,2814,1769,2755,3130,3264,2211,2993,1412,2400,1721,1233,1381,1710,1542,2267,2365,1640,2143,811,1975,2396,1912,2362,3105,1764,1978,1660,2573,2731,2183,2017,1555,1811,3915,2875,3431,2929,2054,2607,3621,4873,7256,5496,4288,2487,3156,1145,4245,3970,1272,466,4912,4747,1797,2787,1726,2907,1443,1500,2217,2400,2275,1538,2128,3316,2454,3305,2257,405,348,697,578,1165,518,82,288,279,256,0,406,509,29,767,605,3443,6618,1067,0,0
Householder lived in renter-occupied housing units,3341,1749,4564,2607,64,1992,758,167,2002,2720,3104,2422,1682,2674,2747,1919,1505,2674,2964,2043,1869,1722,2705,1786,1985,1857,1253,1060,3177,1969,1407,1125,1518,1199,1181,1717,1938,1319,2419,2824,1573,705,410,1267,1350,2003,2080,2031,2858,1717,1034,2189,2811,2236,1570,2442,1627,386,586,655,452,521,743,1398,1388,2163,1126,1494,850,1233,1703,1265,245,1221,1247,1924,1290,1443,955,347,1061,2368,3081,2738,1202,1132,910,508,783,596,386,886,795,1357,1214,746,905,691,700,777,552,883,580,577,1253,1702,2473,1087,1756,1965,898,1214,665,1405,697,1054,265,1596,1037,778,507,1776,1254,1248,1227,1722,1978,2365,1516,1562,1622,814,1920,1810,2164,1774,1714,2113,3445,2995,1465,1558,2285,1617,2582,3259,1185,887,1636,1745,2554,1704,1870,1559,466,335,927,431,429,1789,1351,941,619,2027,1757,685,320,1610,762,1216,2558,2270,1312,2303,1413,507,929,1436,1493,913,1218,834,844,471,414,584,1083,3129,714,706,937,823,370,24,953,124,887,1574,1039,1272,306,1833,578,106,1421,1325,1693,537,1996,907,346,1523,1402,355,320,1014,1435,602,3082,443,891,1674,2589,904,1386,1541,218,499,512,2001,2780,779,774,527,1737,2048,1253,1558,571,2365,1612,857,1426,1120,2267,405,2420,956,1966,1708,713,496,2087,796,1762,409,770,1315,1480,1115,3196,2948,1847,1320,55,28,667,1110,414,270,407,1842,847,518,2050,2135,616,796,2259,1030,2125,698,965,1485,2033,212,412,1482,1684,724,2513,301,1732,1526,1275,1346,2844,651,206,2473,0,0
PERCENT ALLOCATED,,,,,,,,,,,,,,,,,,,,,,,,,,,,,,,,,,,,,,,,,,,,,,,,,,,,,,,,,,,,,,,,,,,,,,,,,,,,,,,,,,,,,,,,,,,,,,,,,,,,,,,,,,,,,,,,,,,,,,,,,,,,,,,,,,,,,,,,,,,,,,,,,,,,,,,,,,,,,,,,,,,,,,,,,,,,,,,,,,,,,,,,,,,,,,,,,,,,,,,,,,,,,,,,,,,,,,,,,,,,,,,,,,,,,,,,,,,,,,,,,,,,,,,,,,,,,,,,,,,,,,,,,,,,,,,,,,,,,,,,,,,,,,,,,,,,,,,,,,,,,,
Residence 1 year ago,8.6%,11.8%,30.6%,11.1%,7.8%,8.6%,16.7%,3.9%,19.0%,18.5%,20.2%,9.8%,16.6%,19.0%,27.9%,19.5%,15.2%,8.9%,13.9%,17.7%,14.5%,15.4%,19.9%,4.3%,11.0%,11.8%,18.1%,4.1%,19.0%,20.9%,24.2%,10.9%,22.1%,15.4%,32.3%,13.9%,12.9%,18.4%,12.3%,19.7%,15.6%,26.2%,16.5%,9.5%,8.5%,7.9%,16.2%,7.9%,10.3%,4.1%,9.4%,16.7%,19.1%,19.4%,21.4%,11.7%,16.9%,12.1%,18.8%,10.4%,6.0%,7.9%,4.5%,4.2%,22.3%,10.4%,4.4%,16.5%,13.4%,7.7%,3.1%,11.5%,21.9%,8.9%,11.2%,5.9%,5.4%,8.6%,3.9%,2.8%,9.6%,12.5%,7.9%,10.3%,4.3%,16.0%,12.2%,24.4%,15.2%,7.7%,3.0%,21.1%,1.1%,18.4%,12.7%,2.2%,14.0%,11.3%,6.9%,6.7%,19.4%,10.0%,12.0%,0.0%,7.1%,8.5%,3.4%,4.9%,9.9%,2.6%,4.1%,16.8%,6.2%,6.8%,9.6%,11.8%,7.7%,5.1%,8.3%,12.8%,3.8%,1.8%,5.9%,9.3%,13.8%,9.0%,1.3%,3.2%,6.0%,11.8%,5.2%,7.2%,13.1%,3.6%,23.0%,17.2%,18.2%,18.1%,15.9%,8.5%,8.6%,19.9%,16.9%,19.2%,16.9%,14.4%,15.5%,7.3%,22.9%,10.0%,9.3%,7.7%,6.3%,15.6%,6.6%,8.5%,10.6%,6.2%,4.1%,11.2%,15.9%,15.6%,12.6%,6.3%,11.8%,8.5%,5.9%,3.1%,9.8%,11.0%,6.0%,9.2%,9.2%,21.0%,14.5%,14.4%,5.2%,14.3%,12.3%,7.4%,4.9%,7.1%,6.4%,13.0%,14.0%,9.7%,9.9%,9.8%,19.8%,7.3%,6.3%,6.1%,10.4%,10.5%,7.7%,15.9%,13.6%,18.5%,10.6%,9.5%,5.2%,7.0%,10.2%,4.1%,5.1%,7.8%,7.2%,9.1%,3.0%,7.2%,7.2%,3.9%,6.4%,6.4%,3.7%,10.1%,5.3%,5.5%,4.7%,7.2%,6.2%,8.0%,17.4%,6.9%,6.5%,4.5%,8.6%,14.0%,10.5%,2.3%,18.5%,9.1%,6.0%,10.9%,8.4%,9.8%,5.7%,14.4%,10.5%,14.6%,12.6%,10.2%,4.2%,11.7%,5.6%,11.3%,4.2%,9.7%,9.4%,5.6%,9.6%,7.0%,6.1%,9.3%,6.4%,15.0%,21.7%,2.6%,11.5%,9.9%,5.9%,11.6%,13.1%,2.8%,13.6%,7.7%,3.7%,12.2%,5.8%,12.7%,3.0%,10.3%,4.8%,10.8%,13.2%,6.7%,10.7%,11.9%,9.9%,15.4%,5.2%,21.2%,7.3%,11.0%,12.1%,13.1%,7.1%,15.8%,6.1%,8.7%,4.1%,3.2%,3.4%,12.2%,7.4%,5.6%,6.2%,9.7%,9.4%,3.4%,-,-
